Protocollo;Gruppo;DataOraIncidente;Localizzazione1;STRADA1;Localizzazione2;STRADA2;Strada02;Chilometrica;DaSpecificare;NaturaIncidente;particolaritastrade;TipoStrada;FondoStradale;Pavimentazione;Segnaletica;CondizioneAtmosferica;Traffico;Visibilita;Illuminazione;NUM_FERITI;NUM_RISERVATA;NUM_MORTI;NUM_ILLESI;Longitudine;Latitudine;Confermato;Progressivo;TipoVeicolo;StatoVeicolo;TipoPersona;Sesso;Tipolesione;Deceduto;DecedutoDopo;CinturaCascoUtilizzato;Airbag
3081935;1;02/12/2016 07:45;Strada Urbana;VIA DI PORTA MAGGIORE;in corrispondenza;;del civico n.;16;;Veicolo in marcia contro veicolo fermo;Rettilineo;Più di due carreggiate;Asciutto;Asfaltata;Verticale ed orizzontale;Sereno;Normale;Buona;Ore Diurne;0;0;0;2;12,51188;41,89245;-1;2;Autovettura privata;In marcia / fermata / arresto;Conducente;M;Illeso;0;;Non accertato;Inesploso
3081999;9;02/12/2016 12:45;Strada Urbana;VIA APPIA NUOVA;da specificare;;;;PROSSIMITA'  CIVICO 649 FR. V. ARCO DI TRAVERTINO;Scontro frontale/laterale DX fra veicoli in marcia;Rettilineo;Due carreggiate;Asciutto;Asfaltata;Verticale ed orizzontale;Nuvoloso;Normale;Buona;Ore Diurne;1;0;0;1;12,57868;41,80591;-1;1;Autovettura privata;In marcia / fermata / arresto;Conducente;M;Rimandato;0;NON DECEDUTO;Utilizzato;Inesploso
3081999;9;02/12/2016 12:45;Strada Urbana;VIA APPIA NUOVA;da specificare;;;;PROSSIMITA'  CIVICO 649 FR. V. ARCO DI TRAVERTINO;Scontro frontale/laterale DX fra veicoli in marcia;Rettilineo;Due carreggiate;Asciutto;Asfaltata;Verticale ed orizzontale;Nuvoloso;Normale;Buona;Ore Diurne;1;0;0;1;12,57868;41,80591;-1;2;Autovettura privata;In marcia / fermata / arresto;Conducente;F;Illeso;0;;Utilizzato;Inesploso
3082045;17;02/12/2016 17:20;Strada Urbana;VIA GERMANICO;in prossimità;;del civico n.;99;;Veicolo in marcia contro veicolo in sosta;Rettilineo;Una carreggiata a senso unico di marcia;Asciutto;Asfaltata;Verticale ed orizzontale;Nuvoloso;Normale;Sufficiente;Sufficiente;0;0;0;1;12,46072;41,90844;-1;1;Autovettura privata;In marcia / fermata / arresto;Conducente;F;Illeso;0;;Non accertato;
3082053;12;02/12/2016 15:30;Strada Urbana;VIA DELLE TRE FONTANE;in prossimità;;del palo luce n.;60;;Veicolo in marcia contro ostacolo accidentale;Curva senza visuale libera;Una carreggiata a senso unico di marcia;Asciutto;Con buche;Orizzontale;Sereno;Scarso;Buona;Ore Diurne;0;0;0;1;12,47358;41,83936;-1;1;Motociclo a solo;In marcia / fermata / arresto;Conducente;M;Illeso;0;;Utilizzato;
3082059;1;02/12/2016 13:20;Strada Urbana;PIAZZALE NUMA POMPILIO;all'intersezione semaforizzata con;VIA DI PORTA S. SEBASTIANO;VIA DI PORTA S. SEBASTIANO;;;Scontro laterale fra veicoli in marcia;Intersezione semaforizzata;Una carreggiata a doppio senso;Asciutto;Asfaltata;Verticale ed orizzontale;Sereno;Normale;Buona;Ore Diurne;0;0;0;5;12,49567;41,8796;-1;1;Autocarro inferiore 35 q.;In marcia / fermata / arresto;Conducente;M;Illeso;0;;;
3082059;1;02/12/2016 13:20;Strada Urbana;PIAZZALE NUMA POMPILIO;all'intersezione semaforizzata con;VIA DI PORTA S. SEBASTIANO;VIA DI PORTA S. SEBASTIANO;;;Scontro laterale fra veicoli in marcia;Intersezione semaforizzata;Una carreggiata a doppio senso;Asciutto;Asfaltata;Verticale ed orizzontale;Sereno;Normale;Buona;Ore Diurne;0;0;0;5;12,49567;41,8796;-1;2;Autovettura di polizia;In marcia / fermata / arresto;Conducente;F;Illeso;0;;;
3082059;1;02/12/2016 13:20;Strada Urbana;PIAZZALE NUMA POMPILIO;all'intersezione semaforizzata con;VIA DI PORTA S. SEBASTIANO;VIA DI PORTA S. SEBASTIANO;;;Scontro laterale fra veicoli in marcia;Intersezione semaforizzata;Una carreggiata a doppio senso;Asciutto;Asfaltata;Verticale ed orizzontale;Sereno;Normale;Buona;Ore Diurne;0;0;0;5;12,49567;41,8796;-1;2;Autovettura di polizia;In marcia / fermata / arresto;Passeggero;F;Illeso;0;;;
3082059;1;02/12/2016 13:20;Strada Urbana;PIAZZALE NUMA POMPILIO;all'intersezione semaforizzata con;VIA DI PORTA S. SEBASTIANO;VIA DI PORTA S. SEBASTIANO;;;Scontro laterale fra veicoli in marcia;Intersezione semaforizzata;Una carreggiata a doppio senso;Asciutto;Asfaltata;Verticale ed orizzontale;Sereno;Normale;Buona;Ore Diurne;0;0;0;5;12,49567;41,8796;-1;2;Autovettura di polizia;In marcia / fermata / arresto;Passeggero;M;Illeso;0;;;
3082059;1;02/12/2016 13:20;Strada Urbana;PIAZZALE NUMA POMPILIO;all'intersezione semaforizzata con;VIA DI PORTA S. SEBASTIANO;VIA DI PORTA S. SEBASTIANO;;;Scontro laterale fra veicoli in marcia;Intersezione semaforizzata;Una carreggiata a doppio senso;Asciutto;Asfaltata;Verticale ed orizzontale;Sereno;Normale;Buona;Ore Diurne;0;0;0;5;12,49567;41,8796;-1;2;Autovettura di polizia;In marcia / fermata / arresto;Passeggero;M;Illeso;0;;;
3082063;7;02/12/2016 14:10;Strada Urbana;VIA DELLE BETULLE;in corrispondenza;;del civico n.;11;;Veicolo in marcia contro veicolo in sosta;Rettilineo;Una carreggiata a senso unico di marcia;Asciutto;Asfaltata;Assente;Sereno;Scarso;Buona;Ore Diurne;0;0;0;1;12,5627;41,89063;-1;1;Autocarro inferiore 35 q.;In marcia / fermata / arresto;Conducente;M;Illeso;0;;Non accertato;Inesploso
3082070;6;02/12/2016 17:10;Strada Urbana;VIALE DELLA VENEZIA GIULIA;all'intersezione con;VIA MONTONA;VIA MONTONA;;;Investimento di pedone;Incrocio;Una carreggiata a doppio senso;Asciutto;Asfaltata;Verticale ed orizzontale;Sereno;Normale;Sufficiente;Sufficiente;1;0;0;1;12,55102;41,89606;-1;;;;Pedone;M;Rimandato;0;NON DECEDUTO;;
3082070;6;02/12/2016 17:10;Strada Urbana;VIALE DELLA VENEZIA GIULIA;all'intersezione con;VIA MONTONA;VIA MONTONA;;;Investimento di pedone;Incrocio;Una carreggiata a doppio senso;Asciutto;Asfaltata;Verticale ed orizzontale;Sereno;Normale;Sufficiente;Sufficiente;1;0;0;1;12,55102;41,89606;-1;1;Autovettura pubblica;In marcia / fermata / arresto;Conducente;M;Illeso;0;;Non accertato;Inesploso
3082083;18;02/12/2016 13:20;Strada Urbana;VIA DI BOCCEA;all'intersezione con;VIA DI CASALOTTI;VIA DI CASALOTTI;;;Scontro laterale fra veicoli in marcia;Intersezione stradale segnalata;Una carreggiata a doppio senso;Asciutto;Asfaltata;Verticale ed orizzontale;Sereno;Normale;Buona;Ore Diurne;0;0;0;2;12,37728;41,91887;-1;1;Autobus urbano;In marcia / fermata / arresto;Conducente;M;Illeso;0;;;
3082083;18;02/12/2016 13:20;Strada Urbana;VIA DI BOCCEA;all'intersezione con;VIA DI CASALOTTI;VIA DI CASALOTTI;;;Scontro laterale fra veicoli in marcia;Intersezione stradale segnalata;Una carreggiata a doppio senso;Asciutto;Asfaltata;Verticale ed orizzontale;Sereno;Normale;Buona;Ore Diurne;0;0;0;2;12,37728;41,91887;-1;2;Autovettura privata;In marcia / fermata / arresto;Conducente;F;Illeso;0;;;
3082089;18;02/12/2016 15:15;Strada Urbana;VIA GREGORIO XI;in corrispondenza;;del civico n.;51;;Tamponamento Multiplo;Rettilineo;Una carreggiata a doppio senso;Asciutto;Asfaltata;Verticale ed orizzontale;Nuvoloso;Normale;Buona;Ore Diurne;0;0;0;3;12,42114;41,90193;-1;1;Autovettura privata;In marcia / fermata / arresto;Conducente;M;Illeso;0;;Non accertato;Inesistente
3082089;18;02/12/2016 15:15;Strada Urbana;VIA GREGORIO XI;in corrispondenza;;del civico n.;51;;Tamponamento Multiplo;Rettilineo;Una carreggiata a doppio senso;Asciutto;Asfaltata;Verticale ed orizzontale;Nuvoloso;Normale;Buona;Ore Diurne;0;0;0;3;12,42114;41,90193;-1;2;Autovettura privata;In marcia / fermata / arresto;Conducente;M;Illeso;0;;Non accertato;Inesploso
3082089;18;02/12/2016 15:15;Strada Urbana;VIA GREGORIO XI;in corrispondenza;;del civico n.;51;;Tamponamento Multiplo;Rettilineo;Una carreggiata a doppio senso;Asciutto;Asfaltata;Verticale ed orizzontale;Nuvoloso;Normale;Buona;Ore Diurne;0;0;0;3;12,42114;41,90193;-1;3;Autovettura privata;In marcia / fermata / arresto;Conducente;F;Illeso;0;;Non accertato;Inesploso
3082119;7;02/12/2016 15:10;Strada Urbana;VIA DEI GLICINI;in prossimità;;del civico n.;60;;Scontro laterale fra veicoli in marcia;Rettilineo;Una carreggiata a senso unico di marcia;Asciutto;Asfaltata;Verticale ed orizzontale;Sereno;Normale;Buona;Ore Diurne;0;0;0;2;12,56507;41,87962;-1;1;Autovettura privata;In marcia / fermata / arresto;Conducente;F;Illeso;0;;Non accertato;Inesploso
3082119;7;02/12/2016 15:10;Strada Urbana;VIA DEI GLICINI;in prossimità;;del civico n.;60;;Scontro laterale fra veicoli in marcia;Rettilineo;Una carreggiata a senso unico di marcia;Asciutto;Asfaltata;Verticale ed orizzontale;Sereno;Normale;Buona;Ore Diurne;0;0;0;2;12,56507;41,87962;-1;2;Autovettura privata;In marcia / fermata / arresto;Conducente;M;Illeso;0;;Non accertato;Inesploso
3082124;13;02/12/2016 10:20;Strada Urbana;VIA DOMENICO BAFFIGO;in corrispondenza;;del civico n.;76;;Veicolo in marcia contro ostacolo fisso;Rettilineo;Una carreggiata a doppio senso;Asciutto;Asfaltata;Verticale ed orizzontale;Sereno;Normale;Buona;Ore Diurne;0;0;0;1;12,26003;41,73765;-1;1;Autovettura privata;In marcia / fermata / arresto;Conducente;F;Illeso;0;;Non accertato;Inesploso
3082133;13;02/12/2016 08:20;Strada Urbana;VIA OSTIENSE;all'intersezione con;VIA FIUMALBO;VIA FIUMALBO;;;Scontro frontale/laterale DX fra veicoli in marcia;Incrocio;Una carreggiata a doppio senso;Asciutto;Asfaltata;Verticale ed orizzontale;Sereno;Intenso;Buona;Ore Diurne;1;0;0;1;12,39442;41,79392;-1;1;Autovettura privata;In marcia / fermata / arresto;Conducente;M;Illeso;0;;Non accertato;Inesploso
3082133;13;02/12/2016 08:20;Strada Urbana;VIA OSTIENSE;all'intersezione con;VIA FIUMALBO;VIA FIUMALBO;;;Scontro frontale/laterale DX fra veicoli in marcia;Incrocio;Una carreggiata a doppio senso;Asciutto;Asfaltata;Verticale ed orizzontale;Sereno;Intenso;Buona;Ore Diurne;1;0;0;1;12,39442;41,79392;-1;2;Motociclo a solo;In marcia / fermata / arresto;Conducente;M;Rimandato;0;NON DECEDUTO;Non accertato;
3082135;1;02/12/2016 07:05;Strada Urbana;PIAZZA S. BERNARDO;all'intersezione con;VIA VITTORIO EMANUELE ORLANDO;VIA VITTORIO EMANUELE ORLANDO;;;Scontro laterale fra veicoli in marcia;Incrocio;Una carreggiata a senso unico di marcia;Asciutto;Asfaltata;Verticale ed orizzontale;Sereno;Normale;Buona;Ore Diurne;0;0;0;3;12,49416;41,90392;-1;1;Altro;In marcia / fermata / arresto;Conducente;M;Illeso;0;;Non accertato;
3082135;1;02/12/2016 07:05;Strada Urbana;PIAZZA S. BERNARDO;all'intersezione con;VIA VITTORIO EMANUELE ORLANDO;VIA VITTORIO EMANUELE ORLANDO;;;Scontro laterale fra veicoli in marcia;Incrocio;Una carreggiata a senso unico di marcia;Asciutto;Asfaltata;Verticale ed orizzontale;Sereno;Normale;Buona;Ore Diurne;0;0;0;3;12,49416;41,90392;-1;2;Altro;In marcia / fermata / arresto;Conducente;M;Illeso;0;;Non accertato;
3082135;1;02/12/2016 07:05;Strada Urbana;PIAZZA S. BERNARDO;all'intersezione con;VIA VITTORIO EMANUELE ORLANDO;VIA VITTORIO EMANUELE ORLANDO;;;Scontro laterale fra veicoli in marcia;Incrocio;Una carreggiata a senso unico di marcia;Asciutto;Asfaltata;Verticale ed orizzontale;Sereno;Normale;Buona;Ore Diurne;0;0;0;3;12,49416;41,90392;-1;2;Altro;In marcia / fermata / arresto;Passeggero;M;Illeso;0;;Non accertato;
3082179;13;02/12/2016 10:20;Strada Urbana;VIA OSTIENSE;da specificare;;;;altezza via di Acilia;Tamponamento Multiplo;Rettilineo;Una carreggiata a senso unico di marcia;Asciutto;Asfaltata;Assente;Sereno;Intenso;Buona;Ore Diurne;0;0;0;5;12,36438;41,78491;-1;1;Autocarro inferiore 35 q.;In marcia / fermata / arresto;Conducente;M;Illeso;0;;Non accertato;Inesploso
3082179;13;02/12/2016 10:20;Strada Urbana;VIA OSTIENSE;da specificare;;;;altezza via di Acilia;Tamponamento Multiplo;Rettilineo;Una carreggiata a senso unico di marcia;Asciutto;Asfaltata;Assente;Sereno;Intenso;Buona;Ore Diurne;0;0;0;5;12,36438;41,78491;-1;1;Autocarro inferiore 35 q.;In marcia / fermata / arresto;Passeggero;M;Illeso;0;;Non accertato;Inesploso
3082179;13;02/12/2016 10:20;Strada Urbana;VIA OSTIENSE;da specificare;;;;altezza via di Acilia;Tamponamento Multiplo;Rettilineo;Una carreggiata a senso unico di marcia;Asciutto;Asfaltata;Assente;Sereno;Intenso;Buona;Ore Diurne;0;0;0;5;12,36438;41,78491;-1;1;Autocarro inferiore 35 q.;In marcia / fermata / arresto;Passeggero;M;Illeso;0;;Non accertato;Inesploso
3082179;13;02/12/2016 10:20;Strada Urbana;VIA OSTIENSE;da specificare;;;;altezza via di Acilia;Tamponamento Multiplo;Rettilineo;Una carreggiata a senso unico di marcia;Asciutto;Asfaltata;Assente;Sereno;Intenso;Buona;Ore Diurne;0;0;0;5;12,36438;41,78491;-1;2;Motociclo a solo;In marcia / fermata / arresto;Conducente;M;Illeso;0;;Non accertato;
3082179;13;02/12/2016 10:20;Strada Urbana;VIA OSTIENSE;da specificare;;;;altezza via di Acilia;Tamponamento Multiplo;Rettilineo;Una carreggiata a senso unico di marcia;Asciutto;Asfaltata;Assente;Sereno;Intenso;Buona;Ore Diurne;0;0;0;5;12,36438;41,78491;-1;3;Autovettura privata;In marcia / fermata / arresto;Conducente;M;Illeso;0;;Non accertato;Inesploso
3082186;13;02/12/2016 10:00;Strada Urbana;VIA RENATO MASSA;all'intersezione con;VIA CAMILLO COSTANZO;VIA CAMILLO COSTANZO;;;Scontro frontale/laterale DX fra veicoli in marcia;Incrocio;Una carreggiata a doppio senso;Asciutto;Asfaltata;Assente;Sereno;Scarso;Buona;Ore Diurne;0;0;0;2;12,3316;41,78825;-1;1;Autovettura privata;In marcia / fermata / arresto;Conducente;M;Illeso;0;;Non accertato;Inesploso
3082186;13;02/12/2016 10:00;Strada Urbana;VIA RENATO MASSA;all'intersezione con;VIA CAMILLO COSTANZO;VIA CAMILLO COSTANZO;;;Scontro frontale/laterale DX fra veicoli in marcia;Incrocio;Una carreggiata a doppio senso;Asciutto;Asfaltata;Assente;Sereno;Scarso;Buona;Ore Diurne;0;0;0;2;12,3316;41,78825;-1;2;Autovettura privata;In marcia / fermata / arresto;Conducente;M;Illeso;0;;Non accertato;Inesploso
3082195;12;02/12/2016 18:10;Strada Urbana;VIALE DEI PRIMATI SPORTIVI;all'intersezione con;VIALE DEL CICLISMO;VIALE DEL CICLISMO;;;Scontro frontale/laterale DX fra veicoli in marcia;Incrocio;Una carreggiata a doppio senso;Asciutto;Asfaltata;Verticale ed orizzontale;Sereno;Normale;Buona;Sufficiente;0;0;0;2;12,45751;41,8282;-1;1;Autovettura privata;In marcia / fermata / arresto;Conducente;F;Illeso;0;;Utilizzato;Inesploso
3082195;12;02/12/2016 18:10;Strada Urbana;VIALE DEI PRIMATI SPORTIVI;all'intersezione con;VIALE DEL CICLISMO;VIALE DEL CICLISMO;;;Scontro frontale/laterale DX fra veicoli in marcia;Incrocio;Una carreggiata a doppio senso;Asciutto;Asfaltata;Verticale ed orizzontale;Sereno;Normale;Buona;Sufficiente;0;0;0;2;12,45751;41,8282;-1;2;Autovettura privata;In marcia / fermata / arresto;Conducente;M;Illeso;0;;Utilizzato;Esploso
3082465;8;02/12/2016 06:50;Strada Urbana;VIA WALTER TOBAGI;all'intersezione con;VIA DELL'USIGNOLO;VIA DELL'USIGNOLO;;;Scontro frontale/laterale SX fra veicoli in marcia;Incrocio;Una carreggiata a doppio senso;Asciutto;Asfaltata;Verticale ed orizzontale;Nuvoloso;Normale;Sufficiente;Ore Diurne;1;0;0;1;12,59721;41,87545;-1;1;Autovettura privata;In marcia / fermata / arresto;Conducente;M;Illeso;0;;Non accertato;
3082465;8;02/12/2016 06:50;Strada Urbana;VIA WALTER TOBAGI;all'intersezione con;VIA DELL'USIGNOLO;VIA DELL'USIGNOLO;;;Scontro frontale/laterale SX fra veicoli in marcia;Incrocio;Una carreggiata a doppio senso;Asciutto;Asfaltata;Verticale ed orizzontale;Nuvoloso;Normale;Sufficiente;Ore Diurne;1;0;0;1;12,59721;41,87545;-1;2;Autovettura privata;In marcia / fermata / arresto;Conducente;M;Rimandato;0;NON DECEDUTO;Non accertato;
3082467;8;02/12/2016 13:10;Statale entro l'abitato;VIA CASILINA;all'intersezione semaforizzata con;VIA CINO DEL DUCA;VIA CINO DEL DUCA;;;Tamponamento;Intersezione semaforizzata;Due carreggiate;Asciutto;Asfaltata;Verticale ed orizzontale;Nuvoloso;Normale;Buona;Ore Diurne;1;0;0;1;12,63234;41,86302;-1;1;Autovettura privata;In marcia / fermata / arresto;Conducente;M;Illeso;0;;Non accertato;Inesploso
3082467;8;02/12/2016 13:10;Statale entro l'abitato;VIA CASILINA;all'intersezione semaforizzata con;VIA CINO DEL DUCA;VIA CINO DEL DUCA;;;Tamponamento;Intersezione semaforizzata;Due carreggiate;Asciutto;Asfaltata;Verticale ed orizzontale;Nuvoloso;Normale;Buona;Ore Diurne;1;0;0;1;12,63234;41,86302;-1;2;Autovettura privata;In marcia / fermata / arresto;Conducente;M;Rifiuta cure immediate;0;NON DECEDUTO;Non accertato;Inesploso
3082471;11;02/12/2016 19:00;Strada Urbana;VIA DI AFFOGALASINO;in prossimità;;del civico n.;68;;Investimento di pedone;Rettilineo;Una carreggiata a doppio senso;Asciutto;Asfaltata;Orizzontale;Sereno;Normale;Buona;Sufficiente;1;0;0;1;12,43538;41,85521;-1;;;;Pedone;M;Rimandato;0;NON DECEDUTO;;
3082471;11;02/12/2016 19:00;Strada Urbana;VIA DI AFFOGALASINO;in prossimità;;del civico n.;68;;Investimento di pedone;Rettilineo;Una carreggiata a doppio senso;Asciutto;Asfaltata;Orizzontale;Sereno;Normale;Buona;Sufficiente;1;0;0;1;12,43538;41,85521;-1;1;Autovettura privata;In marcia / fermata / arresto;Conducente;F;Illeso;0;;Non accertato;
3082473;11;02/12/2016 23:30;Provinciale;VIA LAURENTINA;da specificare;;;;svincolo cimitero Laurentino;Ribaltamento senza urto contro ostacolo fisso;Rotatoria;Una carreggiata a senso unico di marcia;Asciutto;Asfaltata;Verticale ed orizzontale;Sereno;Scarso;Insufficiente;Insufficiente;0;0;0;1;12,4983;41,76461;-1;1;Autovettura privata;In marcia / fermata / arresto;Conducente;F;Illeso;0;;Non accertato;
3082485;8;02/12/2016 20:10;Strada Urbana;VIALE PALMIRO TOGLIATTI;all'intersezione con;VIA SANTI ROMANO;VIA SANTI ROMANO;;;Veicolo in marcia contro ostacolo accidentale;Intersezione semaforizzata;Due carreggiate;Asciutto;Con buche;Verticale ed orizzontale;Sereno;Normale;Buona;Sufficiente;1;0;0;0;12,56888;41,8624;-1;1;Motociclo a solo;In marcia / fermata / arresto;Conducente;M;Rifiuta cure immediate;0;NON DECEDUTO;Non accertato;
3082493;7;03/12/2016 01:20;Strada Urbana;VIALE PALMIRO TOGLIATTI;da specificare;;;;altezza cavalcavia Collatina direzione Prenestina;Veicolo in marcia contro ostacolo accidentale;Cavalcavia;Una carreggiata a senso unico di marcia;Asciutto;Asfaltata;Verticale ed orizzontale;Sereno;Normale;Buona;Sufficiente;0;0;0;2;12,57396;41,90287;-1;1;Autovettura privata;In marcia / fermata / arresto;Conducente;M;Illeso;0;;;
3082493;7;03/12/2016 01:20;Strada Urbana;VIALE PALMIRO TOGLIATTI;da specificare;;;;altezza cavalcavia Collatina direzione Prenestina;Veicolo in marcia contro ostacolo accidentale;Cavalcavia;Una carreggiata a senso unico di marcia;Asciutto;Asfaltata;Verticale ed orizzontale;Sereno;Normale;Buona;Sufficiente;0;0;0;2;12,57396;41,90287;-1;1;Autovettura privata;In marcia / fermata / arresto;Passeggero;F;Illeso;0;;Non accertato;Inesploso
3082498;11;02/12/2016 09:00;Strada Urbana;VIA LAURENTINA;all'intersezione con;VIA DELLE TRE FONTANE;VIA DELLE TRE FONTANE;;;Scontro frontale fra veicoli in marcia;Incrocio;Una carreggiata a senso unico di marcia;Asciutto;Asfaltata;Verticale ed orizzontale;Sereno;Normale;Buona;Ore Diurne;0;0;0;3;12,48077;41,83698;-1;1;Autovettura privata;In marcia / fermata / arresto;Conducente;F;Illeso;0;;Non accertato;
3082498;11;02/12/2016 09:00;Strada Urbana;VIA LAURENTINA;all'intersezione con;VIA DELLE TRE FONTANE;VIA DELLE TRE FONTANE;;;Scontro frontale fra veicoli in marcia;Incrocio;Una carreggiata a senso unico di marcia;Asciutto;Asfaltata;Verticale ed orizzontale;Sereno;Normale;Buona;Ore Diurne;0;0;0;3;12,48077;41,83698;-1;1;Autovettura privata;In marcia / fermata / arresto;Passeggero;F;Illeso;0;;Non utilizzato;
3082498;11;02/12/2016 09:00;Strada Urbana;VIA LAURENTINA;all'intersezione con;VIA DELLE TRE FONTANE;VIA DELLE TRE FONTANE;;;Scontro frontale fra veicoli in marcia;Incrocio;Una carreggiata a senso unico di marcia;Asciutto;Asfaltata;Verticale ed orizzontale;Sereno;Normale;Buona;Ore Diurne;0;0;0;3;12,48077;41,83698;-1;2;Autocarro inferiore 35 q.;In marcia / fermata / arresto;Conducente;M;Illeso;0;;Non accertato;Inesploso
3082500;11;02/12/2016 17:20;Strada Urbana;VIA CRISTOFORO COLOMBO;da specificare;;;;fronte civ.90;Veicolo in marcia contro ostacolo accidentale;Rettilineo;Più di due carreggiate;Viscido da liquidi oleosi;Asfaltata;Orizzontale;Sereno;Intenso;Buona;Sufficiente;0;0;0;2;12,49865;41,86899;-1;1;Motociclo a solo;In marcia / fermata / arresto;Conducente;M;Illeso;0;;Non accertato;
3082500;11;02/12/2016 17:20;Strada Urbana;VIA CRISTOFORO COLOMBO;da specificare;;;;fronte civ.90;Veicolo in marcia contro ostacolo accidentale;Rettilineo;Più di due carreggiate;Viscido da liquidi oleosi;Asfaltata;Orizzontale;Sereno;Intenso;Buona;Sufficiente;0;0;0;2;12,49865;41,86899;-1;2;Autocarro inferiore 35 q.;In marcia / fermata / arresto;Conducente;M;Illeso;0;;Non accertato;
3082508;11;02/12/2016 13:05;Strada Urbana;VIA DI S. GALLA;da specificare;;;;altezza mercato;Investimento di pedone;Curva senza visuale libera;Una carreggiata a doppio senso;Asciutto;Asfaltata;Assente;Sereno;Normale;Sufficiente;Ore Diurne;2;0;0;0;12,48854;41,86772;-1;;;;Pedone;M;Rimandato;0;NON DECEDUTO;;
3082508;11;02/12/2016 13:05;Strada Urbana;VIA DI S. GALLA;da specificare;;;;altezza mercato;Investimento di pedone;Curva senza visuale libera;Una carreggiata a doppio senso;Asciutto;Asfaltata;Assente;Sereno;Normale;Sufficiente;Ore Diurne;2;0;0;0;12,48854;41,86772;-1;1;Motociclo a solo;In marcia / fermata / arresto;Conducente;M;Rimandato;0;NON DECEDUTO;Non accertato;
3082515;11;02/12/2016 14:20;Strada Urbana;VIA DI TOR CARBONE;in prossimità;;del civico n.;37;;Scontro laterale fra veicoli in marcia;Rettilineo;Una carreggiata a doppio senso;Asciutto;Asfaltata;Orizzontale;Sereno;Normale;Buona;Ore Diurne;0;0;0;3;12,53746;41,83319;-1;1;Autovettura privata;In marcia / fermata / arresto;Conducente;F;Illeso;0;;Non accertato;
3082515;11;02/12/2016 14:20;Strada Urbana;VIA DI TOR CARBONE;in prossimità;;del civico n.;37;;Scontro laterale fra veicoli in marcia;Rettilineo;Una carreggiata a doppio senso;Asciutto;Asfaltata;Orizzontale;Sereno;Normale;Buona;Ore Diurne;0;0;0;3;12,53746;41,83319;-1;1;Autovettura privata;In marcia / fermata / arresto;Passeggero;M;Illeso;0;;Non accertato;
3082515;11;02/12/2016 14:20;Strada Urbana;VIA DI TOR CARBONE;in prossimità;;del civico n.;37;;Scontro laterale fra veicoli in marcia;Rettilineo;Una carreggiata a doppio senso;Asciutto;Asfaltata;Orizzontale;Sereno;Normale;Buona;Ore Diurne;0;0;0;3;12,53746;41,83319;-1;2;Motociclo a solo;In marcia / fermata / arresto;Conducente;M;Illeso;0;;Non accertato;
3082528;11;03/12/2016 01:00;Strada Urbana;VIA MARIO RIGAMONTI;in corrispondenza;;del civico n.;19;;Veicolo in marcia contro veicoli in sosta;Curva a visuale libera;Una carreggiata a doppio senso;Asciutto;Asfaltata;Orizzontale;Sereno;Scarso;Buona;Sufficiente;0;0;0;1;12,50538;41,83647;-1;1;Autovettura privata;In marcia / fermata / arresto;Conducente;M;Illeso;0;;Non accertato;
3082542;10;02/12/2016 11:00;Strada Urbana;VIA TUSCOLANA;all'intersezione semaforizzata con;VIALE TITO LABIENO;VIALE TITO LABIENO;;;Tamponamento;Intersezione semaforizzata;Due carreggiate;Asciutto;Asfaltata;Verticale ed orizzontale;Sereno;Normale;Buona;Ore Diurne;0;0;0;2;12,56757;41,85378;-1;1;Autovettura privata;In marcia / fermata / arresto;Conducente;M;Illeso;0;;Non accertato;Esploso
3082542;10;02/12/2016 11:00;Strada Urbana;VIA TUSCOLANA;all'intersezione semaforizzata con;VIALE TITO LABIENO;VIALE TITO LABIENO;;;Tamponamento;Intersezione semaforizzata;Due carreggiate;Asciutto;Asfaltata;Verticale ed orizzontale;Sereno;Normale;Buona;Ore Diurne;0;0;0;2;12,56757;41,85378;-1;2;Autovettura privata;In marcia / fermata / arresto;Conducente;F;Illeso;0;;;
3082549;16;02/12/2016 14:20;Strada Urbana;VIA PORTUENSE;da specificare;;;;prossimità fronte civico 139;Scontro laterale fra veicoli in marcia;Rettilineo;Una carreggiata a doppio senso;Asciutto;Asfaltata;Verticale ed orizzontale;Nuvoloso;Intenso;Buona;Ore Diurne;0;0;1;1;12,41584;41,84761;-1;1;Ciclomotore;In marcia / fermata / arresto;Conducente;F;Deceduto sul posto;-1;;Utilizzato;
3082549;16;02/12/2016 14:20;Strada Urbana;VIA PORTUENSE;da specificare;;;;prossimità fronte civico 139;Scontro laterale fra veicoli in marcia;Rettilineo;Una carreggiata a doppio senso;Asciutto;Asfaltata;Verticale ed orizzontale;Nuvoloso;Intenso;Buona;Ore Diurne;0;0;1;1;12,41584;41,84761;-1;2;Autocarro inferiore 35 q.;In marcia / fermata / arresto;Conducente;M;Illeso;0;;Non accertato;Inesploso
3082556;10;02/12/2016 17:05;Strada Urbana;VIA TUSCOLANA;all'intersezione semaforizzata con;VIA DELLE CAPANNELLE;VIA DELLE CAPANNELLE;;;Scontro frontale/laterale DX fra veicoli in marcia;Intersezione semaforizzata;Due carreggiate;Asciutto;Asfaltata;Verticale ed orizzontale;Sereno;Intenso;Sufficiente;Sufficiente;0;0;0;2;12,57553;41,84858;-1;1;Autovettura privata;In marcia / fermata / arresto;Conducente;M;Illeso;0;;Non accertato;Inesploso