Protocollo;Gruppo;DataOraIncidente;Localizzazione1;STRADA1;Localizzazione2;STRADA2;Strada02;Chilometrica;DaSpecificare;NaturaIncidente;particolaritastrade;TipoStrada;FondoStradale;Pavimentazione;Segnaletica;CondizioneAtmosferica;Traffico;Visibilita;Illuminazione;NUM_FERITI;NUM_RISERVATA;NUM_MORTI;NUM_ILLESI;Longitudine;Latitudine;Confermato;Progressivo;TipoVeicolo;StatoVeicolo;TipoPersona;Sesso;Tipolesione;Deceduto;DecedutoDopo;CinturaCascoUtilizzato;Airbag
3091460;3;08/12/2016 12:30;Strada Urbana;VIA NOMENTANA;da specificare;;;;fronte Via dei Villini;Scontro laterale fra veicoli in marcia;Rettilineo;Una carreggiata a doppio senso;Asciutto;Asfaltata;Verticale ed orizzontale;Sereno;Normale;Buona;Ore Diurne;2;0;0;2;12,50415;41,91123;-1;2;Motociclo con passeggero;In marcia / fermata / arresto;Passeggero;F;Rifiuta cure immediate;0;NON DECEDUTO;Non accertato;
3091461;1;09/12/2016 12:45;Strada Urbana;LUNGOTEVERE AVENTINO;in prossimità;;del palo luce n.;27;;Scontro laterale fra veicoli in marcia;Rettilineo;Due carreggiate;Asciutto;Asfaltata;Verticale ed orizzontale;Sereno;Normale;Buona;Ore Diurne;0;0;0;2;12,47894;41,88549;-1;1;Motociclo a solo;In marcia / fermata / arresto;Conducente;M;Illeso;0;;Non accertato;
3091461;1;09/12/2016 12:45;Strada Urbana;LUNGOTEVERE AVENTINO;in prossimità;;del palo luce n.;27;;Scontro laterale fra veicoli in marcia;Rettilineo;Due carreggiate;Asciutto;Asfaltata;Verticale ed orizzontale;Sereno;Normale;Buona;Ore Diurne;0;0;0;2;12,47894;41,88549;-1;2;Autovettura privata;In marcia / fermata / arresto;Conducente;M;Illeso;0;;;
3091499;3;08/12/2016 13:40;Strada Urbana;VIA NOMENTANA;in prossimità;;del civico n.;141;;Tamponamento Multiplo;Rettilineo;Più di due carreggiate;Asciutto;Asfaltata;Verticale ed orizzontale;Sereno;Normale;Buona;Ore Diurne;3;0;0;1;12,50487;41,91194;-1;1;Autovettura privata;In marcia / fermata / arresto;Conducente;F;Rimandato;0;NON DECEDUTO;Non accertato;Inesploso
3091499;3;08/12/2016 13:40;Strada Urbana;VIA NOMENTANA;in prossimità;;del civico n.;141;;Tamponamento Multiplo;Rettilineo;Più di due carreggiate;Asciutto;Asfaltata;Verticale ed orizzontale;Sereno;Normale;Buona;Ore Diurne;3;0;0;1;12,50487;41,91194;-1;2;Autovettura privata;In marcia / fermata / arresto;Conducente;F;Rifiuta cure immediate;0;NON DECEDUTO;Non accertato;Inesploso
3091499;3;08/12/2016 13:40;Strada Urbana;VIA NOMENTANA;in prossimità;;del civico n.;141;;Tamponamento Multiplo;Rettilineo;Più di due carreggiate;Asciutto;Asfaltata;Verticale ed orizzontale;Sereno;Normale;Buona;Ore Diurne;3;0;0;1;12,50487;41,91194;-1;3;Autovettura privata;In marcia / fermata / arresto;Conducente;M;Illeso;0;;Non accertato;Inesploso
3091499;3;08/12/2016 13:40;Strada Urbana;VIA NOMENTANA;in prossimità;;del civico n.;141;;Tamponamento Multiplo;Rettilineo;Più di due carreggiate;Asciutto;Asfaltata;Verticale ed orizzontale;Sereno;Normale;Buona;Ore Diurne;3;0;0;1;12,50487;41,91194;-1;3;Autovettura privata;In marcia / fermata / arresto;Passeggero;F;Rimandato;0;NON DECEDUTO;Non accertato;Inesploso
3091505;7;10/12/2016 08:10;Strada Urbana;VIALE PALMIRO TOGLIATTI;in prossimità;;del civico n.;735;;Tamponamento;Rettilineo;Una carreggiata a senso unico di marcia;Asciutto;Asfaltata;Verticale ed orizzontale;Sereno;Normale;Buona;Ore Diurne;1;0;0;2;12,57293;41,88226;-1;1;Autovettura privata;In marcia / fermata / arresto;Conducente;M;Illeso;0;;Non accertato;Inesploso
3091505;7;10/12/2016 08:10;Strada Urbana;VIALE PALMIRO TOGLIATTI;in prossimità;;del civico n.;735;;Tamponamento;Rettilineo;Una carreggiata a senso unico di marcia;Asciutto;Asfaltata;Verticale ed orizzontale;Sereno;Normale;Buona;Ore Diurne;1;0;0;2;12,57293;41,88226;-1;1;Autovettura privata;In marcia / fermata / arresto;Passeggero;F;Illeso;0;;Non accertato;Inesploso
3091505;7;10/12/2016 08:10;Strada Urbana;VIALE PALMIRO TOGLIATTI;in prossimità;;del civico n.;735;;Tamponamento;Rettilineo;Una carreggiata a senso unico di marcia;Asciutto;Asfaltata;Verticale ed orizzontale;Sereno;Normale;Buona;Ore Diurne;1;0;0;2;12,57293;41,88226;-1;2;Motociclo a solo;In marcia / fermata / arresto;Conducente;M;Rimandato;0;NON DECEDUTO;Non accertato;
3091510;3;08/12/2016 16:30;Strada Urbana;VIALE DELL'UNIVERSITA';all'intersezione semaforizzata con;VIALE REGINA ELENA;VIALE REGINA ELENA;;;Scontro laterale fra veicoli in marcia;Intersezione semaforizzata;Una carreggiata a doppio senso;Asciutto;Asfaltata;Verticale ed orizzontale;Sereno;Scarso;Buona;Ore Diurne;1;0;0;3;12,51179;41,90433;-1;1;Autovettura privata;In marcia / fermata / arresto;Conducente;M;Illeso;0;;Non accertato;Inesploso
3091510;3;08/12/2016 16:30;Strada Urbana;VIALE DELL'UNIVERSITA';all'intersezione semaforizzata con;VIALE REGINA ELENA;VIALE REGINA ELENA;;;Scontro laterale fra veicoli in marcia;Intersezione semaforizzata;Una carreggiata a doppio senso;Asciutto;Asfaltata;Verticale ed orizzontale;Sereno;Scarso;Buona;Ore Diurne;1;0;0;3;12,51179;41,90433;-1;1;Autovettura privata;In marcia / fermata / arresto;Passeggero;M;Illeso;0;;Non accertato;Inesploso
3091510;3;08/12/2016 16:30;Strada Urbana;VIALE DELL'UNIVERSITA';all'intersezione semaforizzata con;VIALE REGINA ELENA;VIALE REGINA ELENA;;;Scontro laterale fra veicoli in marcia;Intersezione semaforizzata;Una carreggiata a doppio senso;Asciutto;Asfaltata;Verticale ed orizzontale;Sereno;Scarso;Buona;Ore Diurne;1;0;0;3;12,51179;41,90433;-1;1;Autovettura privata;In marcia / fermata / arresto;Passeggero;F;Illeso;0;;Non accertato;Inesploso
3091510;3;08/12/2016 16:30;Strada Urbana;VIALE DELL'UNIVERSITA';all'intersezione semaforizzata con;VIALE REGINA ELENA;VIALE REGINA ELENA;;;Scontro laterale fra veicoli in marcia;Intersezione semaforizzata;Una carreggiata a doppio senso;Asciutto;Asfaltata;Verticale ed orizzontale;Sereno;Scarso;Buona;Ore Diurne;1;0;0;3;12,51179;41,90433;-1;2;Ciclomotore;In marcia / fermata / arresto;Conducente;M;Rimandato;0;NON DECEDUTO;Non accertato;
3091526;3;08/12/2016 18:30;Strada Urbana;VIA TIBURTINA;da specificare;;;;fronte civ. 261;Scontro frontale/laterale DX fra veicoli in marcia;Rettilineo;Più di due carreggiate;Asciutto;Asfaltata;Verticale ed orizzontale;Sereno;Normale;Buona;Sufficiente;2;0;0;2;12,52361;41,90725;-1;1;Autovettura pubblica;In marcia / fermata / arresto;Conducente;M;Illeso;0;;Non accertato;Inesploso
3091526;3;08/12/2016 18:30;Strada Urbana;VIA TIBURTINA;da specificare;;;;fronte civ. 261;Scontro frontale/laterale DX fra veicoli in marcia;Rettilineo;Più di due carreggiate;Asciutto;Asfaltata;Verticale ed orizzontale;Sereno;Normale;Buona;Sufficiente;2;0;0;2;12,52361;41,90725;-1;1;Autovettura pubblica;In marcia / fermata / arresto;Passeggero;F;Rimandato;0;NON DECEDUTO;Non accertato;Inesploso
3091526;3;08/12/2016 18:30;Strada Urbana;VIA TIBURTINA;da specificare;;;;fronte civ. 261;Scontro frontale/laterale DX fra veicoli in marcia;Rettilineo;Più di due carreggiate;Asciutto;Asfaltata;Verticale ed orizzontale;Sereno;Normale;Buona;Sufficiente;2;0;0;2;12,52361;41,90725;-1;1;Autovettura pubblica;In marcia / fermata / arresto;Passeggero;M;Rifiuta cure immediate;0;NON DECEDUTO;Non accertato;Inesploso
3091526;3;08/12/2016 18:30;Strada Urbana;VIA TIBURTINA;da specificare;;;;fronte civ. 261;Scontro frontale/laterale DX fra veicoli in marcia;Rettilineo;Più di due carreggiate;Asciutto;Asfaltata;Verticale ed orizzontale;Sereno;Normale;Buona;Sufficiente;2;0;0;2;12,52361;41,90725;-1;2;Autovettura privata;In marcia / fermata / arresto;Conducente;M;Illeso;0;;Non accertato;Inesploso
3091564;23;09/12/2016 18:05;Strada Urbana;LARGO DEGLI SCHIAVONI;all'intersezione con;VIA TOMACELLI;VIA TOMACELLI;;;Scontro laterale fra veicoli in marcia;Incrocio;Una carreggiata a doppio senso;Asciutto;Asfaltata;Verticale ed orizzontale;Sereno;Normale;Buona;Ore Diurne;0;0;0;2;12,47693;41,90484;-1;1;Autobus urbano;In marcia / fermata / arresto;Conducente;M;Illeso;0;;Esente;Inesistente
3091564;23;09/12/2016 18:05;Strada Urbana;LARGO DEGLI SCHIAVONI;all'intersezione con;VIA TOMACELLI;VIA TOMACELLI;;;Scontro laterale fra veicoli in marcia;Incrocio;Una carreggiata a doppio senso;Asciutto;Asfaltata;Verticale ed orizzontale;Sereno;Normale;Buona;Ore Diurne;0;0;0;2;12,47693;41,90484;-1;2;Autovettura pubblica;In marcia / fermata / arresto;Conducente;M;Illeso;0;;Utilizzato;Inesploso
3091604;12;10/12/2016 09:45;Strada Urbana;VIA FRANCESCO SAPORI;da specificare;;;;dir. v. Marinetti, alt. v. A. Gatto;Investimento di pedone;Rettilineo;Due carreggiate;Asciutto;Asfaltata;Verticale ed orizzontale;Sereno;Normale;Buona;Ore Diurne;1;0;0;1;12,48291;41,80986;-1;;;;Pedone;F;Rimandato;0;NON DECEDUTO;;
3091604;12;10/12/2016 09:45;Strada Urbana;VIA FRANCESCO SAPORI;da specificare;;;;dir. v. Marinetti, alt. v. A. Gatto;Investimento di pedone;Rettilineo;Due carreggiate;Asciutto;Asfaltata;Verticale ed orizzontale;Sereno;Normale;Buona;Ore Diurne;1;0;0;1;12,48291;41,80986;-1;1;Autovettura privata;In marcia / fermata / arresto;Conducente;M;Illeso;0;;Utilizzato;Inesploso
3091683;1;09/12/2016 20:15;Strada Urbana;PIAZZA DI PORTA CAPENA;in corrispondenza;;del palo luce n.;4;;Investimento di pedone;Rettilineo;Una carreggiata a senso unico di marcia;Asciutto;Asfaltata;Verticale ed orizzontale;Sereno;Scarso;Buona;Sufficiente;1;0;0;1;12,4891;41,88417;-1;;;;Pedone;F;Rimandato;0;NON DECEDUTO;;
3091683;1;09/12/2016 20:15;Strada Urbana;PIAZZA DI PORTA CAPENA;in corrispondenza;;del palo luce n.;4;;Investimento di pedone;Rettilineo;Una carreggiata a senso unico di marcia;Asciutto;Asfaltata;Verticale ed orizzontale;Sereno;Scarso;Buona;Sufficiente;1;0;0;1;12,4891;41,88417;-1;1;Autovettura privata;In marcia / fermata / arresto;Conducente;M;Illeso;0;;;
3091797;1;10/12/2016 01:10;Strada Urbana;VIALE MANZONI;all'intersezione semaforizzata con;VIA PRINCIPE EUGENIO;VIA PRINCIPE EUGENIO;;;Scontro frontale/laterale DX fra veicoli in marcia;Intersezione semaforizzata;Una carreggiata a doppio senso;Asciutto;Asfaltata;Verticale ed orizzontale;Nuvoloso;Normale;Buona;Sufficiente;2;0;0;6;12,50959;41,89317;-1;1;Autovettura privata;In marcia / fermata / arresto;Conducente;M;Illeso;0;;;Inesploso
3091797;1;10/12/2016 01:10;Strada Urbana;VIALE MANZONI;all'intersezione semaforizzata con;VIA PRINCIPE EUGENIO;VIA PRINCIPE EUGENIO;;;Scontro frontale/laterale DX fra veicoli in marcia;Intersezione semaforizzata;Una carreggiata a doppio senso;Asciutto;Asfaltata;Verticale ed orizzontale;Nuvoloso;Normale;Buona;Sufficiente;2;0;0;6;12,50959;41,89317;-1;1;Autovettura privata;In marcia / fermata / arresto;Passeggero;M;Illeso;0;;;Inesploso
3091797;1;10/12/2016 01:10;Strada Urbana;VIALE MANZONI;all'intersezione semaforizzata con;VIA PRINCIPE EUGENIO;VIA PRINCIPE EUGENIO;;;Scontro frontale/laterale DX fra veicoli in marcia;Intersezione semaforizzata;Una carreggiata a doppio senso;Asciutto;Asfaltata;Verticale ed orizzontale;Nuvoloso;Normale;Buona;Sufficiente;2;0;0;6;12,50959;41,89317;-1;1;Autovettura privata;In marcia / fermata / arresto;Passeggero;F;Illeso;0;;;Inesploso
3091797;1;10/12/2016 01:10;Strada Urbana;VIALE MANZONI;all'intersezione semaforizzata con;VIA PRINCIPE EUGENIO;VIA PRINCIPE EUGENIO;;;Scontro frontale/laterale DX fra veicoli in marcia;Intersezione semaforizzata;Una carreggiata a doppio senso;Asciutto;Asfaltata;Verticale ed orizzontale;Nuvoloso;Normale;Buona;Sufficiente;2;0;0;6;12,50959;41,89317;-1;1;Autovettura privata;In marcia / fermata / arresto;Passeggero;F;Illeso;0;;;Inesploso
3091797;1;10/12/2016 01:10;Strada Urbana;VIALE MANZONI;all'intersezione semaforizzata con;VIA PRINCIPE EUGENIO;VIA PRINCIPE EUGENIO;;;Scontro frontale/laterale DX fra veicoli in marcia;Intersezione semaforizzata;Una carreggiata a doppio senso;Asciutto;Asfaltata;Verticale ed orizzontale;Nuvoloso;Normale;Buona;Sufficiente;2;0;0;6;12,50959;41,89317;-1;1;Autovettura privata;In marcia / fermata / arresto;Passeggero;M;Illeso;0;;;Inesploso
3091797;1;10/12/2016 01:10;Strada Urbana;VIALE MANZONI;all'intersezione semaforizzata con;VIA PRINCIPE EUGENIO;VIA PRINCIPE EUGENIO;;;Scontro frontale/laterale DX fra veicoli in marcia;Intersezione semaforizzata;Una carreggiata a doppio senso;Asciutto;Asfaltata;Verticale ed orizzontale;Nuvoloso;Normale;Buona;Sufficiente;2;0;0;6;12,50959;41,89317;-1;2;Autovettura privata;In marcia / fermata / arresto;Conducente;F;Illeso;0;;;Esploso
3091797;1;10/12/2016 01:10;Strada Urbana;VIALE MANZONI;all'intersezione semaforizzata con;VIA PRINCIPE EUGENIO;VIA PRINCIPE EUGENIO;;;Scontro frontale/laterale DX fra veicoli in marcia;Intersezione semaforizzata;Una carreggiata a doppio senso;Asciutto;Asfaltata;Verticale ed orizzontale;Nuvoloso;Normale;Buona;Sufficiente;2;0;0;6;12,50959;41,89317;-1;2;Autovettura privata;In marcia / fermata / arresto;Passeggero;F;Rimandato;0;NON DECEDUTO;;Esploso
3091797;1;10/12/2016 01:10;Strada Urbana;VIALE MANZONI;all'intersezione semaforizzata con;VIA PRINCIPE EUGENIO;VIA PRINCIPE EUGENIO;;;Scontro frontale/laterale DX fra veicoli in marcia;Intersezione semaforizzata;Una carreggiata a doppio senso;Asciutto;Asfaltata;Verticale ed orizzontale;Nuvoloso;Normale;Buona;Sufficiente;2;0;0;6;12,50959;41,89317;-1;2;Autovettura privata;In marcia / fermata / arresto;Passeggero;F;Rimandato;0;NON DECEDUTO;;Esploso
3091800;1;09/12/2016 12:45;Strada Urbana;VIA DI S. BARTOLOMEO DE' VACCINARI;all'intersezione con;VIA BEATRICE CENCI;VIA BEATRICE CENCI;;;Scontro frontale/laterale DX fra veicoli in marcia;Incrocio;Una carreggiata a senso unico di marcia;Asciutto;In cubetti di porfido;Verticale ed orizzontale;Sereno;Normale;Buona;Ore Diurne;1;0;0;3;12,47556;41,89226;-1;1;Autovettura privata;In marcia / fermata / arresto;Conducente;M;Illeso;0;;Non accertato;Inesploso
3091800;1;09/12/2016 12:45;Strada Urbana;VIA DI S. BARTOLOMEO DE' VACCINARI;all'intersezione con;VIA BEATRICE CENCI;VIA BEATRICE CENCI;;;Scontro frontale/laterale DX fra veicoli in marcia;Incrocio;Una carreggiata a senso unico di marcia;Asciutto;In cubetti di porfido;Verticale ed orizzontale;Sereno;Normale;Buona;Ore Diurne;1;0;0;3;12,47556;41,89226;-1;1;Autovettura privata;In marcia / fermata / arresto;Passeggero;F;Illeso;0;;Non accertato;Inesploso
3091800;1;09/12/2016 12:45;Strada Urbana;VIA DI S. BARTOLOMEO DE' VACCINARI;all'intersezione con;VIA BEATRICE CENCI;VIA BEATRICE CENCI;;;Scontro frontale/laterale DX fra veicoli in marcia;Incrocio;Una carreggiata a senso unico di marcia;Asciutto;In cubetti di porfido;Verticale ed orizzontale;Sereno;Normale;Buona;Ore Diurne;1;0;0;3;12,47556;41,89226;-1;2;Motociclo con passeggero;In marcia / fermata / arresto;Conducente;M;Illeso;0;;Non accertato;
3091800;1;09/12/2016 12:45;Strada Urbana;VIA DI S. BARTOLOMEO DE' VACCINARI;all'intersezione con;VIA BEATRICE CENCI;VIA BEATRICE CENCI;;;Scontro frontale/laterale DX fra veicoli in marcia;Incrocio;Una carreggiata a senso unico di marcia;Asciutto;In cubetti di porfido;Verticale ed orizzontale;Sereno;Normale;Buona;Ore Diurne;1;0;0;3;12,47556;41,89226;-1;2;Motociclo con passeggero;In marcia / fermata / arresto;Passeggero;F;Rimandato;0;NON DECEDUTO;Non accertato;
3092243;13;10/12/2016 18:20;Strada Urbana;VIA CARLO BOSIO;in corrispondenza;;del civico n.;98;;Veicolo in marcia contro veicolo arresto;Rettilineo;Una carreggiata a senso unico di marcia;Asciutto;Asfaltata;Assente;Sereno;Normale;Buona;Sufficiente;0;0;0;2;12,27229;41,73932;-1;1;Autovettura privata;In marcia / fermata / arresto;Conducente;F;Illeso;0;;Non accertato;Inesploso
3092243;13;10/12/2016 18:20;Strada Urbana;VIA CARLO BOSIO;in corrispondenza;;del civico n.;98;;Veicolo in marcia contro veicolo arresto;Rettilineo;Una carreggiata a senso unico di marcia;Asciutto;Asfaltata;Assente;Sereno;Normale;Buona;Sufficiente;0;0;0;2;12,27229;41,73932;-1;2;Autovettura privata;In marcia / fermata / arresto;Conducente;M;Illeso;0;;Non accertato;Inesploso
3092250;20;10/12/2016 15:40;Strada Urbana;VIA DI VALLE MURICANA;all'intersezione con;VIA SULBIATE;VIA SULBIATE;;;Scontro frontale/laterale SX fra veicoli in marcia;Intersezione non regolata/non segnalata;Una carreggiata a doppio senso;Asciutto;Asfaltata;Verticale ed orizzontale;Sereno;Normale;Buona;Ore Diurne;3;0;0;3;12,46918;42,02333;-1;1;Autovettura privata;In marcia / fermata / arresto;Conducente;F;Rimandato;0;NON DECEDUTO;Non accertato;Inesploso
3092250;20;10/12/2016 15:40;Strada Urbana;VIA DI VALLE MURICANA;all'intersezione con;VIA SULBIATE;VIA SULBIATE;;;Scontro frontale/laterale SX fra veicoli in marcia;Intersezione non regolata/non segnalata;Una carreggiata a doppio senso;Asciutto;Asfaltata;Verticale ed orizzontale;Sereno;Normale;Buona;Ore Diurne;3;0;0;3;12,46918;42,02333;-1;2;Autovettura privata;In marcia / fermata / arresto;Conducente;F;Rimandato;0;NON DECEDUTO;;
3092250;20;10/12/2016 15:40;Strada Urbana;VIA DI VALLE MURICANA;all'intersezione con;VIA SULBIATE;VIA SULBIATE;;;Scontro frontale/laterale SX fra veicoli in marcia;Intersezione non regolata/non segnalata;Una carreggiata a doppio senso;Asciutto;Asfaltata;Verticale ed orizzontale;Sereno;Normale;Buona;Ore Diurne;3;0;0;3;12,46918;42,02333;-1;2;Autovettura privata;In marcia / fermata / arresto;Passeggero;M;Illeso;0;;;
3092250;20;10/12/2016 15:40;Strada Urbana;VIA DI VALLE MURICANA;all'intersezione con;VIA SULBIATE;VIA SULBIATE;;;Scontro frontale/laterale SX fra veicoli in marcia;Intersezione non regolata/non segnalata;Una carreggiata a doppio senso;Asciutto;Asfaltata;Verticale ed orizzontale;Sereno;Normale;Buona;Ore Diurne;3;0;0;3;12,46918;42,02333;-1;3;Autovettura privata;In marcia / fermata / arresto;Conducente;M;Illeso;0;;;
3092250;20;10/12/2016 15:40;Strada Urbana;VIA DI VALLE MURICANA;all'intersezione con;VIA SULBIATE;VIA SULBIATE;;;Scontro frontale/laterale SX fra veicoli in marcia;Intersezione non regolata/non segnalata;Una carreggiata a doppio senso;Asciutto;Asfaltata;Verticale ed orizzontale;Sereno;Normale;Buona;Ore Diurne;3;0;0;3;12,46918;42,02333;-1;3;Autovettura privata;In marcia / fermata / arresto;Passeggero;F;Rimandato;0;NON DECEDUTO;;
3092250;20;10/12/2016 15:40;Strada Urbana;VIA DI VALLE MURICANA;all'intersezione con;VIA SULBIATE;VIA SULBIATE;;;Scontro frontale/laterale SX fra veicoli in marcia;Intersezione non regolata/non segnalata;Una carreggiata a doppio senso;Asciutto;Asfaltata;Verticale ed orizzontale;Sereno;Normale;Buona;Ore Diurne;3;0;0;3;12,46918;42,02333;-1;3;Autovettura privata;In marcia / fermata / arresto;Passeggero;M;Illeso;0;;;
3092254;13;10/12/2016 14:30;Strada Urbana;VIALE DELLE REPUBBLICHE MARINARE;all'intersezione con;CORSO DUCA DI GENOVA;CORSO DUCA DI GENOVA;;;Scontro frontale/laterale DX fra veicoli in marcia;Incrocio;Una carreggiata a doppio senso;Asciutto;Asfaltata;Verticale ed orizzontale;Sereno;Normale;Buona;Ore Diurne;0;0;0;3;12,26834;41,73532;-1;1;Autovettura privata;In marcia / fermata / arresto;Conducente;F;Illeso;0;;Non accertato;Inesploso
3092254;13;10/12/2016 14:30;Strada Urbana;VIALE DELLE REPUBBLICHE MARINARE;all'intersezione con;CORSO DUCA DI GENOVA;CORSO DUCA DI GENOVA;;;Scontro frontale/laterale DX fra veicoli in marcia;Incrocio;Una carreggiata a doppio senso;Asciutto;Asfaltata;Verticale ed orizzontale;Sereno;Normale;Buona;Ore Diurne;0;0;0;3;12,26834;41,73532;-1;1;Autovettura privata;In marcia / fermata / arresto;Passeggero;F;Illeso;0;;Non accertato;Inesploso
3092254;13;10/12/2016 14:30;Strada Urbana;VIALE DELLE REPUBBLICHE MARINARE;all'intersezione con;CORSO DUCA DI GENOVA;CORSO DUCA DI GENOVA;;;Scontro frontale/laterale DX fra veicoli in marcia;Incrocio;Una carreggiata a doppio senso;Asciutto;Asfaltata;Verticale ed orizzontale;Sereno;Normale;Buona;Ore Diurne;0;0;0;3;12,26834;41,73532;-1;2;Autovettura privata;In marcia / fermata / arresto;Conducente;M;Illeso;0;;Non accertato;Inesploso
3092260;20;10/12/2016 17:00;Strada Urbana;CORSO DI FRANCIA;in prossimità;;del civico n.;158;;Tamponamento;Rettilineo;Due carreggiate;Asciutto;Asfaltata;Verticale ed orizzontale;Sereno;Normale;Sufficiente;Sufficiente;0;0;0;3;12,47004;41,9434;-1;1;Autovettura privata;In marcia / fermata / arresto;Conducente;M;Illeso;0;;;Esploso
3092260;20;10/12/2016 17:00;Strada Urbana;CORSO DI FRANCIA;in prossimità;;del civico n.;158;;Tamponamento;Rettilineo;Due carreggiate;Asciutto;Asfaltata;Verticale ed orizzontale;Sereno;Normale;Sufficiente;Sufficiente;0;0;0;3;12,47004;41,9434;-1;1;Autovettura privata;In marcia / fermata / arresto;Passeggero;F;Illeso;0;;;
3092260;20;10/12/2016 17:00;Strada Urbana;CORSO DI FRANCIA;in prossimità;;del civico n.;158;;Tamponamento;Rettilineo;Due carreggiate;Asciutto;Asfaltata;Verticale ed orizzontale;Sereno;Normale;Sufficiente;Sufficiente;0;0;0;3;12,47004;41,9434;-1;2;Autovettura privata;In marcia / fermata / arresto;Conducente;M;Illeso;0;;Non accertato;
3092261;13;10/12/2016 12:40;Strada Urbana;VIA DI MALAFEDE;all'intersezione con;VIA ERMINIO MACARIO;VIA ERMINIO MACARIO;;;Scontro laterale fra veicoli in marcia;Intersezione stradale segnalata;Una carreggiata a doppio senso;Asciutto;Asfaltata;Verticale ed orizzontale;Sereno;Scarso;Buona;Ore Diurne;0;0;0;2;12,40305;41,76871;-1;1;Autovettura privata;In marcia / fermata / arresto;Conducente;M;Illeso;0;;Non accertato;Inesploso
3092261;13;10/12/2016 12:40;Strada Urbana;VIA DI MALAFEDE;all'intersezione con;VIA ERMINIO MACARIO;VIA ERMINIO MACARIO;;;Scontro laterale fra veicoli in marcia;Intersezione stradale segnalata;Una carreggiata a doppio senso;Asciutto;Asfaltata;Verticale ed orizzontale;Sereno;Scarso;Buona;Ore Diurne;0;0;0;2;12,40305;41,76871;-1;2;Autovettura privata;In marcia / fermata / arresto;Conducente;F;Illeso;0;;Non accertato;Inesploso
3092262;20;10/12/2016 18:30;Strada Urbana;VIA DI S. CORNELIA;in prossimità;;del civico n.;100;;Scontro frontale fra veicoli in marcia;Curva a visuale libera;Una carreggiata a doppio senso;Asciutto;Asfaltata;Verticale ed orizzontale;Sereno;Normale;Buona;Sufficiente;2;0;0;0;12,4648;42,0141;-1;1;Autovettura di soccorso;In marcia / fermata / arresto;Conducente;M;Rimandato;0;NON DECEDUTO;;Esploso
3092262;20;10/12/2016 18:30;Strada Urbana;VIA DI S. CORNELIA;in prossimità;;del civico n.;100;;Scontro frontale fra veicoli in marcia;Curva a visuale libera;Una carreggiata a doppio senso;Asciutto;Asfaltata;Verticale ed orizzontale;Sereno;Normale;Buona;Sufficiente;2;0;0;0;12,4648;42,0141;-1;2;Autovettura privata;In marcia / fermata / arresto;Conducente;M;Rimandato;0;NON DECEDUTO;;
3092267;13;10/12/2016 23:00;Strada Urbana;LUNGOMARE PAOLO TOSCANELLI;in corrispondenza;;del civico n.;214;;Veicolo in marcia contro ostacolo fisso;Rettilineo;Una carreggiata a doppio senso;Asciutto;Asfaltata;Assente;Sereno;Scarso;Sufficiente;Sufficiente;0;0;0;1;12,26806;41,73251;-1;1;Autovettura privata;In marcia / fermata / arresto;Conducente;F;Illeso;0;;Non accertato;Inesploso
3092322;2;11/12/2016 06:00;Strada Urbana;VIALE DEL GALOPPATOIO;da specificare;;;;in prossimità di Piazza delle Canestre;Veicolo in marcia contro ostacolo fisso;Rettilineo;Una carreggiata a senso unico di marcia;Asciutto;Sterrata;Assente;Nuvoloso;Scarso;Insufficiente;Insufficiente;0;0;0;1;12,48463;41,91228;-1;1;Autocarro superiore 35 q.;In marcia / fermata / arresto;Conducente;M;Illeso;0;;;
3092537;1;10/12/2016 18:30;Strada Urbana;VIA GIOVANNI LANZA;in corrispondenza;;del civico n.;150 A;;Scontro frontale/laterale SX fra veicoli in marcia;Rettilineo;Una carreggiata a doppio senso;Asciutto;Asfaltata;Orizzontale;Sereno;Scarso;Sufficiente;Sufficiente;1;0;0;1;12,49636;41,89495;-1;1;Motociclo a solo;In marcia / fermata / arresto;Conducente;M;Rimandato;0;NON DECEDUTO;Utilizzato;
3092537;1;10/12/2016 18:30;Strada Urbana;VIA GIOVANNI LANZA;in corrispondenza;;del civico n.;150 A;;Scontro frontale/laterale SX fra veicoli in marcia;Rettilineo;Una carreggiata a doppio senso;Asciutto;Asfaltata;Orizzontale;Sereno;Scarso;Sufficiente;Sufficiente;1;0;0;1;12,49636;41,89495;-1;2;Autovettura privata;In marcia / fermata / arresto;Conducente;M;Illeso;0;;;
3092560;6;11/12/2016 14:30;Strada Urbana;VIA ERASMO GATTAMELATA;all'intersezione con;VIA LUCHINO DAL VERME;VIA LUCHINO DAL VERME;;;Scontro frontale/laterale SX fra veicoli in marcia;Incrocio;Una carreggiata a senso unico di marcia;Asciutto;Asfaltata;Verticale ed orizzontale;Sereno;Normale;Buona;Ore Diurne;1;0;0;1;12,53661;41,8887;-1;1;Autovettura di polizia;In marcia / fermata / arresto;Conducente;M;Illeso;0;;Non accertato;Inesploso