Protocollo;Gruppo;DataOraIncidente;Localizzazione1;STRADA1;Localizzazione2;STRADA2;Strada02;Chilometrica;DaSpecificare;NaturaIncidente;particolaritastrade;TipoStrada;FondoStradale;Pavimentazione;Segnaletica;CondizioneAtmosferica;Traffico;Visibilita;Illuminazione;NUM_FERITI;NUM_RISERVATA;NUM_MORTI;NUM_ILLESI;Longitudine;Latitudine;Confermato;Progressivo;TipoVeicolo;StatoVeicolo;TipoPersona;Sesso;Tipolesione;Deceduto;DecedutoDopo;CinturaCascoUtilizzato;Airbag
3094737;15;12/12/2016 17:45;Strada Urbana;VIA PORTUENSE;da specificare;;;;PROSSIMITA' FRONTE VIA E. BOMBELLI;Scontro frontale/laterale DX fra veicoli in marcia;Curva a visuale libera;Una carreggiata a doppio senso;Asciutto;Asfaltata;Orizzontale;Sereno;Intenso;Sufficiente;Ore Diurne;1;0;0;1;12,41574;41,84758;-1;2;Motociclo a solo;In marcia / fermata / arresto;Conducente;M;Rimandato;0;NON DECEDUTO;;
3094742;19;12/12/2016 13:15;Strada Urbana;VIA DELLA VALLE DEI FONTANILI;in prossimità;;del civico n.;29;;Tamponamento;Rettilineo;Una carreggiata a doppio senso;Asciutto;Asfaltata;Orizzontale;Sereno;Normale;Buona;Ore Diurne;0;0;0;2;12,40963;41,92308;-1;1;Autovettura privata;In marcia / fermata / arresto;Conducente;M;Illeso;0;;;
3094742;19;12/12/2016 13:15;Strada Urbana;VIA DELLA VALLE DEI FONTANILI;in prossimità;;del civico n.;29;;Tamponamento;Rettilineo;Una carreggiata a doppio senso;Asciutto;Asfaltata;Orizzontale;Sereno;Normale;Buona;Ore Diurne;0;0;0;2;12,40963;41,92308;-1;2;Autovettura privata;In marcia / fermata / arresto;Conducente;F;Illeso;0;;;
3094750;15;12/12/2016 20:30;Strada Urbana;VIA ODERISI DA GUBBIO;all'intersezione semaforizzata con;VIA FRANCESCO GRIMALDI;VIA FRANCESCO GRIMALDI;;;Scontro frontale/laterale DX fra veicoli in marcia;Intersezione semaforizzata;Una carreggiata a doppio senso;Asciutto;Asfaltata;Verticale ed orizzontale;Sereno;Normale;Buona;Sufficiente;1;0;0;1;12,4655;41,8659;-1;1;Autovettura privata;In marcia / fermata / arresto;Conducente;M;Illeso;0;;;
3094750;15;12/12/2016 20:30;Strada Urbana;VIA ODERISI DA GUBBIO;all'intersezione semaforizzata con;VIA FRANCESCO GRIMALDI;VIA FRANCESCO GRIMALDI;;;Scontro frontale/laterale DX fra veicoli in marcia;Intersezione semaforizzata;Una carreggiata a doppio senso;Asciutto;Asfaltata;Verticale ed orizzontale;Sereno;Normale;Buona;Sufficiente;1;0;0;1;12,4655;41,8659;-1;2;Motociclo a solo;In marcia / fermata / arresto;Conducente;M;Rimandato;0;NON DECEDUTO;;
3094751;20;12/12/2016 06:00;Regionale entro l'abitato;VIA FLAMINIA;in prossimità;;della chilometrica;15.4;;Veicolo in marcia contro ostacolo accidentale;Galleria non illuminata;Una carreggiata a senso unico alternato;Asciutto;Asfaltata;Assente;Sereno;Normale;Buona;Ore Diurne;0;0;0;1;12,48453;42,03264;-1;1;Autovettura privata;In marcia / fermata / arresto;Conducente;M;Illeso;0;;Non accertato;Inesploso
3094754;16;09/12/2016 16:45;Strada Urbana;VIA S. GIOVANNI EUDES;all'intersezione con;VIA DEGLI ANTAMORO;VIA DEGLI ANTAMORO;;;Scontro frontale fra veicoli in marcia;Incrocio;Una carreggiata a doppio senso;Asciutto;Asfaltata;Verticale ed orizzontale;Sereno;Normale;Buona;Ore Diurne;1;0;0;1;12,41143;41,87382;-1;1;Autovettura privata;In marcia / fermata / arresto;Conducente;M;Illeso;0;;Non accertato;
3094754;16;09/12/2016 16:45;Strada Urbana;VIA S. GIOVANNI EUDES;all'intersezione con;VIA DEGLI ANTAMORO;VIA DEGLI ANTAMORO;;;Scontro frontale fra veicoli in marcia;Incrocio;Una carreggiata a doppio senso;Asciutto;Asfaltata;Verticale ed orizzontale;Sereno;Normale;Buona;Ore Diurne;1;0;0;1;12,41143;41,87382;-1;2;Autovettura privata;In marcia / fermata / arresto;Conducente;F;Rimandato;0;NON DECEDUTO;Non accertato;
3094755;10;13/12/2016 08:30;Strada Urbana;VIA APPIA PIGNATELLI;all'intersezione con;VIA MENOFILO;VIA MENOFILO;;;Scontro frontale/laterale SX fra veicoli in marcia;Incrocio;Due carreggiate;Asciutto;Asfaltata;Verticale ed orizzontale;Sereno;Intenso;Buona;Ore Diurne;0;0;0;3;12,54868;41,83767;-1;1;Autovettura privata;In marcia / fermata / arresto;Conducente;M;Illeso;0;;Non accertato;Inesploso
3094755;10;13/12/2016 08:30;Strada Urbana;VIA APPIA PIGNATELLI;all'intersezione con;VIA MENOFILO;VIA MENOFILO;;;Scontro frontale/laterale SX fra veicoli in marcia;Incrocio;Due carreggiate;Asciutto;Asfaltata;Verticale ed orizzontale;Sereno;Intenso;Buona;Ore Diurne;0;0;0;3;12,54868;41,83767;-1;2;Motociclo con passeggero;In marcia / fermata / arresto;Conducente;M;Illeso;0;;Non accertato;
3094755;10;13/12/2016 08:30;Strada Urbana;VIA APPIA PIGNATELLI;all'intersezione con;VIA MENOFILO;VIA MENOFILO;;;Scontro frontale/laterale SX fra veicoli in marcia;Incrocio;Due carreggiate;Asciutto;Asfaltata;Verticale ed orizzontale;Sereno;Intenso;Buona;Ore Diurne;0;0;0;3;12,54868;41,83767;-1;2;Motociclo con passeggero;In marcia / fermata / arresto;Passeggero;F;Illeso;0;;Non accertato;
3094760;4;12/12/2016 08:30;Strada Urbana;VIA DELLE VIGNE NUOVE;da specificare;;;;ALTEZZA VIADOTTO SEGNI;Scontro laterale fra veicoli in marcia;Rettilineo;Una carreggiata a senso unico di marcia;Asciutto;Asfaltata;Verticale ed orizzontale;Sereno;Normale;Buona;Ore Diurne;0;0;0;3;12,53541;41,95792;-1;1;Autovettura privata;In marcia / fermata / arresto;Conducente;F;Illeso;0;;Non accertato;Inesploso
3094760;4;12/12/2016 08:30;Strada Urbana;VIA DELLE VIGNE NUOVE;da specificare;;;;ALTEZZA VIADOTTO SEGNI;Scontro laterale fra veicoli in marcia;Rettilineo;Una carreggiata a senso unico di marcia;Asciutto;Asfaltata;Verticale ed orizzontale;Sereno;Normale;Buona;Ore Diurne;0;0;0;3;12,53541;41,95792;-1;2;Autovettura privata;In marcia / fermata / arresto;Conducente;F;Illeso;0;;Non accertato;Inesploso
3094760;4;12/12/2016 08:30;Strada Urbana;VIA DELLE VIGNE NUOVE;da specificare;;;;ALTEZZA VIADOTTO SEGNI;Scontro laterale fra veicoli in marcia;Rettilineo;Una carreggiata a senso unico di marcia;Asciutto;Asfaltata;Verticale ed orizzontale;Sereno;Normale;Buona;Ore Diurne;0;0;0;3;12,53541;41,95792;-1;2;Autovettura privata;In marcia / fermata / arresto;Passeggero;F;Illeso;0;;Non accertato;Inesploso
3094764;7;12/12/2016 20:00;Strada Urbana;VIA CASILINA;all'intersezione con;VIA ANTONIO INGEGNOLI;VIA ANTONIO INGEGNOLI;;;Scontro frontale/laterale DX fra veicoli in marcia;Intersezione stradale segnalata;Una carreggiata a doppio senso;Asciutto;Asfaltata;Verticale ed orizzontale;Sereno;Normale;Sufficiente;Sufficiente;1;0;0;3;12,61628;41,86298;-1;1;Autovettura privata;In marcia / fermata / arresto;Conducente;M;Illeso;0;;Non accertato;Inesploso
3094764;7;12/12/2016 20:00;Strada Urbana;VIA CASILINA;all'intersezione con;VIA ANTONIO INGEGNOLI;VIA ANTONIO INGEGNOLI;;;Scontro frontale/laterale DX fra veicoli in marcia;Intersezione stradale segnalata;Una carreggiata a doppio senso;Asciutto;Asfaltata;Verticale ed orizzontale;Sereno;Normale;Sufficiente;Sufficiente;1;0;0;3;12,61628;41,86298;-1;1;Autovettura privata;In marcia / fermata / arresto;Passeggero;M;Illeso;0;;Non accertato;Inesploso
3094764;7;12/12/2016 20:00;Strada Urbana;VIA CASILINA;all'intersezione con;VIA ANTONIO INGEGNOLI;VIA ANTONIO INGEGNOLI;;;Scontro frontale/laterale DX fra veicoli in marcia;Intersezione stradale segnalata;Una carreggiata a doppio senso;Asciutto;Asfaltata;Verticale ed orizzontale;Sereno;Normale;Sufficiente;Sufficiente;1;0;0;3;12,61628;41,86298;-1;1;Autovettura privata;In marcia / fermata / arresto;Passeggero;F;Illeso;0;;Non accertato;Inesistente
3094764;7;12/12/2016 20:00;Strada Urbana;VIA CASILINA;all'intersezione con;VIA ANTONIO INGEGNOLI;VIA ANTONIO INGEGNOLI;;;Scontro frontale/laterale DX fra veicoli in marcia;Intersezione stradale segnalata;Una carreggiata a doppio senso;Asciutto;Asfaltata;Verticale ed orizzontale;Sereno;Normale;Sufficiente;Sufficiente;1;0;0;3;12,61628;41,86298;-1;2;Motociclo a solo;In marcia / fermata / arresto;Conducente;M;Rimandato;0;NON DECEDUTO;;
3094770;19;12/12/2016 16:00;Strada Urbana;VIA DI CASAL DEL MARMO;in prossimità;;del civico n.;113;;Veicolo in marcia contro veicolo in sosta;Curva a visuale libera;Una carreggiata a doppio senso;Asciutto;Asfaltata;Orizzontale;Sereno;Normale;Buona;Ore Diurne;1;0;0;1;12,4076;41,96008;-1;1;Motociclo a solo;In marcia / fermata / arresto;Conducente;M;Rifiuta cure immediate;0;NON DECEDUTO;;
3094770;19;12/12/2016 16:00;Strada Urbana;VIA DI CASAL DEL MARMO;in prossimità;;del civico n.;113;;Veicolo in marcia contro veicolo in sosta;Curva a visuale libera;Una carreggiata a doppio senso;Asciutto;Asfaltata;Orizzontale;Sereno;Normale;Buona;Ore Diurne;1;0;0;1;12,4076;41,96008;-1;2;Autovettura privata;Sosta;Passeggero;F;Illeso;0;;;
3094784;19;12/12/2016 08:00;Strada Urbana;VIA DELLA RISERVA GRANDE;in prossimità;;del civico n.;41;;Scontro frontale/laterale DX fra veicoli in marcia;Rettilineo;Una carreggiata a doppio senso;Asciutto;Asfaltata;Orizzontale;Sereno;Normale;Buona;Ore Diurne;0;0;0;4;12,37977;41,94858;-1;1;Autocarro inferiore 35 q.;In marcia / fermata / arresto;Conducente;M;Illeso;0;;;
3094784;19;12/12/2016 08:00;Strada Urbana;VIA DELLA RISERVA GRANDE;in prossimità;;del civico n.;41;;Scontro frontale/laterale DX fra veicoli in marcia;Rettilineo;Una carreggiata a doppio senso;Asciutto;Asfaltata;Orizzontale;Sereno;Normale;Buona;Ore Diurne;0;0;0;4;12,37977;41,94858;-1;2;Autovettura privata;In marcia / fermata / arresto;Conducente;M;Illeso;0;;;
3094784;19;12/12/2016 08:00;Strada Urbana;VIA DELLA RISERVA GRANDE;in prossimità;;del civico n.;41;;Scontro frontale/laterale DX fra veicoli in marcia;Rettilineo;Una carreggiata a doppio senso;Asciutto;Asfaltata;Orizzontale;Sereno;Normale;Buona;Ore Diurne;0;0;0;4;12,37977;41,94858;-1;2;Autovettura privata;In marcia / fermata / arresto;Passeggero;M;Illeso;0;;;
3094784;19;12/12/2016 08:00;Strada Urbana;VIA DELLA RISERVA GRANDE;in prossimità;;del civico n.;41;;Scontro frontale/laterale DX fra veicoli in marcia;Rettilineo;Una carreggiata a doppio senso;Asciutto;Asfaltata;Orizzontale;Sereno;Normale;Buona;Ore Diurne;0;0;0;4;12,37977;41,94858;-1;2;Autovettura privata;In marcia / fermata / arresto;Passeggero;M;Illeso;0;;;
3094787;4;12/12/2016 10:00;Strada Urbana;VIA FRANCESCO D'OVIDIO;all'intersezione con;VIA POLICARPO PETROCCHI;VIA POLICARPO PETROCCHI;;;Scontro frontale/laterale SX fra veicoli in marcia;Incrocio;Una carreggiata a senso unico di marcia;Asciutto;Asfaltata;Assente;Sereno;Intenso;Buona;Ore Diurne;1;0;0;1;12,55398;41,94404;-1;1;Autovettura privata;In marcia / fermata / arresto;Conducente;M;Illeso;0;;Non accertato;Inesploso
3094787;4;12/12/2016 10:00;Strada Urbana;VIA FRANCESCO D'OVIDIO;all'intersezione con;VIA POLICARPO PETROCCHI;VIA POLICARPO PETROCCHI;;;Scontro frontale/laterale SX fra veicoli in marcia;Incrocio;Una carreggiata a senso unico di marcia;Asciutto;Asfaltata;Assente;Sereno;Intenso;Buona;Ore Diurne;1;0;0;1;12,55398;41,94404;-1;2;Autovettura privata;In marcia / fermata / arresto;Conducente;M;Rifiuta cure immediate;0;NON DECEDUTO;Non accertato;Inesploso
3094805;16;10/12/2016 21:15;Strada Urbana;VIA DI BOCCEA;all'intersezione con;VIA GREGORIO XI;VIA GREGORIO XI;;;Scontro frontale/laterale DX fra veicoli in marcia;Intersezione stradale segnalata;Una carreggiata a doppio senso;Asciutto;Asfaltata;Verticale ed orizzontale;Sereno;Normale;Sufficiente;Sufficiente;1;0;0;2;12,39205;41,97697;-1;1;Autovettura privata;In marcia / fermata / arresto;Conducente;F;Illeso;0;;Non accertato;
3094805;16;10/12/2016 21:15;Strada Urbana;VIA DI BOCCEA;all'intersezione con;VIA GREGORIO XI;VIA GREGORIO XI;;;Scontro frontale/laterale DX fra veicoli in marcia;Intersezione stradale segnalata;Una carreggiata a doppio senso;Asciutto;Asfaltata;Verticale ed orizzontale;Sereno;Normale;Sufficiente;Sufficiente;1;0;0;2;12,39205;41,97697;-1;2;Motociclo con passeggero;In marcia / fermata / arresto;Conducente;M;Rimandato;0;NON DECEDUTO;Non accertato;
3094805;16;10/12/2016 21:15;Strada Urbana;VIA DI BOCCEA;all'intersezione con;VIA GREGORIO XI;VIA GREGORIO XI;;;Scontro frontale/laterale DX fra veicoli in marcia;Intersezione stradale segnalata;Una carreggiata a doppio senso;Asciutto;Asfaltata;Verticale ed orizzontale;Sereno;Normale;Sufficiente;Sufficiente;1;0;0;2;12,39205;41,97697;-1;2;Motociclo con passeggero;In marcia / fermata / arresto;Passeggero;F;Illeso;0;;Non accertato;
3094834;7;13/12/2016 09:25;Strada Urbana;VIA PRENESTINA;all'intersezione con;VIA DEI LARICI;VIA DEI LARICI;;;Scontro frontale/laterale SX fra veicoli in marcia;Incrocio;Una carreggiata a doppio senso;Asciutto;Asfaltata;Verticale ed orizzontale;Sereno;Normale;Buona;Ore Diurne;0;0;0;3;12,57349;41,89482;-1;1;Autovettura privata;In marcia / fermata / arresto;Conducente;M;Illeso;0;;Non accertato;Inesploso
3094834;7;13/12/2016 09:25;Strada Urbana;VIA PRENESTINA;all'intersezione con;VIA DEI LARICI;VIA DEI LARICI;;;Scontro frontale/laterale SX fra veicoli in marcia;Incrocio;Una carreggiata a doppio senso;Asciutto;Asfaltata;Verticale ed orizzontale;Sereno;Normale;Buona;Ore Diurne;0;0;0;3;12,57349;41,89482;-1;2;Autovettura privata;In marcia / fermata / arresto;Conducente;F;Illeso;0;;Non accertato;Inesploso
3094834;7;13/12/2016 09:25;Strada Urbana;VIA PRENESTINA;all'intersezione con;VIA DEI LARICI;VIA DEI LARICI;;;Scontro frontale/laterale SX fra veicoli in marcia;Incrocio;Una carreggiata a doppio senso;Asciutto;Asfaltata;Verticale ed orizzontale;Sereno;Normale;Buona;Ore Diurne;0;0;0;3;12,57349;41,89482;-1;2;Autovettura privata;In marcia / fermata / arresto;Passeggero;F;Illeso;0;;Non accertato;Inesploso
3094858;4;12/12/2016 14:15;Strada Urbana;PIAZZA FILATTIERA;in corrispondenza;;del civico n.;49;;Veicolo in marcia contro veicolo in sosta;Rettilineo;Una carreggiata a doppio senso;Asciutto;Asfaltata;Verticale ed orizzontale;Sereno;Normale;Buona;Ore Diurne;0;0;0;1;12,5175;41,95857;-1;1;Autovettura privata;In marcia / fermata / arresto;Conducente;F;Illeso;0;;Non accertato;Inesploso
3094917;2;12/12/2016 21:00;Strada Urbana;VIA SALARIA;in prossimità;;del civico n.;1421;;Scontro frontale fra veicoli in marcia;Rettilineo;Una carreggiata a doppio senso;Asciutto;Asfaltata;Verticale ed orizzontale;Sereno;Scarso;Sufficiente;Sufficiente;0;0;0;2;12,51871;42,00715;-1;1;Autovettura privata;In marcia / fermata / arresto;Conducente;M;Illeso;0;;;
3094917;2;12/12/2016 21:00;Strada Urbana;VIA SALARIA;in prossimità;;del civico n.;1421;;Scontro frontale fra veicoli in marcia;Rettilineo;Una carreggiata a doppio senso;Asciutto;Asfaltata;Verticale ed orizzontale;Sereno;Scarso;Sufficiente;Sufficiente;0;0;0;2;12,51871;42,00715;-1;2;Autovettura privata;In marcia / fermata / arresto;Conducente;M;Illeso;0;;;
3094919;2;12/12/2016 10:30;Strada Urbana;PIAZZA VERBANO;in prossimità;;del civico n.;25;;Veicolo in marcia contro veicolo arresto;Curva a visuale libera;Una carreggiata a senso unico di marcia;Asciutto;Asfaltata;Verticale ed orizzontale;Sereno;Normale;Buona;Ore Diurne;0;0;0;2;12,50716;41,92313;-1;1;Autovettura privata;In marcia / fermata / arresto;Conducente;F;Illeso;0;;Non accertato;Inesploso
3094919;2;12/12/2016 10:30;Strada Urbana;PIAZZA VERBANO;in prossimità;;del civico n.;25;;Veicolo in marcia contro veicolo arresto;Curva a visuale libera;Una carreggiata a senso unico di marcia;Asciutto;Asfaltata;Verticale ed orizzontale;Sereno;Normale;Buona;Ore Diurne;0;0;0;2;12,50716;41,92313;-1;2;Autovettura privata;In marcia / fermata / arresto;Conducente;M;Illeso;0;;Non accertato;Inesploso
3094923;2;12/12/2016 13:45;Strada Urbana;VIA DEL FORO ITALICO;da specificare;;;;pross. concessionario Hyundai;Tamponamento;Rettilineo;Due carreggiate;Asciutto;Asfaltata;Verticale ed orizzontale;Sereno;Intenso;Buona;Ore Diurne;1;0;0;1;12,48375;41,93991;-1;1;Autovettura privata;In marcia / fermata / arresto;Conducente;F;Illeso;0;;Non accertato;
3094923;2;12/12/2016 13:45;Strada Urbana;VIA DEL FORO ITALICO;da specificare;;;;pross. concessionario Hyundai;Tamponamento;Rettilineo;Due carreggiate;Asciutto;Asfaltata;Verticale ed orizzontale;Sereno;Intenso;Buona;Ore Diurne;1;0;0;1;12,48375;41,93991;-1;2;Autovettura privata;In marcia / fermata / arresto;Conducente;M;Rifiuta cure immediate;0;NON DECEDUTO;Non accertato;
3094930;2;12/12/2016 19:45;Strada Urbana;CIRCONVALLAZIONE SALARIA;da specificare;;;;altezza palo Acea 89 dir. Stadio;Tamponamento Multiplo;Rettilineo;Due carreggiate;Asciutto;Asfaltata;Verticale ed orizzontale;Sereno;Intenso;Buona;Sufficiente;2;0;0;4;12,52086;41,93447;-1;2;Autovettura privata;In marcia / fermata / arresto;Conducente;F;Illeso;0;;Non accertato;Inesploso
3094930;2;12/12/2016 19:45;Strada Urbana;CIRCONVALLAZIONE SALARIA;da specificare;;;;altezza palo Acea 89 dir. Stadio;Tamponamento Multiplo;Rettilineo;Due carreggiate;Asciutto;Asfaltata;Verticale ed orizzontale;Sereno;Intenso;Buona;Sufficiente;2;0;0;4;12,52086;41,93447;-1;3;Autovettura privata;In marcia / fermata / arresto;Conducente;M;Illeso;0;;Non accertato;Inesploso
3094930;2;12/12/2016 19:45;Strada Urbana;CIRCONVALLAZIONE SALARIA;da specificare;;;;altezza palo Acea 89 dir. Stadio;Tamponamento Multiplo;Rettilineo;Due carreggiate;Asciutto;Asfaltata;Verticale ed orizzontale;Sereno;Intenso;Buona;Sufficiente;2;0;0;4;12,52086;41,93447;-1;3;Autovettura privata;In marcia / fermata / arresto;Passeggero;M;Rifiuta cure immediate;0;NON DECEDUTO;Non accertato;Inesploso
3094930;2;12/12/2016 19:45;Strada Urbana;CIRCONVALLAZIONE SALARIA;da specificare;;;;altezza palo Acea 89 dir. Stadio;Tamponamento Multiplo;Rettilineo;Due carreggiate;Asciutto;Asfaltata;Verticale ed orizzontale;Sereno;Intenso;Buona;Sufficiente;2;0;0;4;12,52086;41,93447;-1;3;Autovettura privata;In marcia / fermata / arresto;Passeggero;M;Illeso;0;;Non accertato;Inesploso
3094930;2;12/12/2016 19:45;Strada Urbana;CIRCONVALLAZIONE SALARIA;da specificare;;;;altezza palo Acea 89 dir. Stadio;Tamponamento Multiplo;Rettilineo;Due carreggiate;Asciutto;Asfaltata;Verticale ed orizzontale;Sereno;Intenso;Buona;Sufficiente;2;0;0;4;12,52086;41,93447;-1;3;Autovettura privata;In marcia / fermata / arresto;Passeggero;M;Rimandato;0;NON DECEDUTO;Non accertato;Inesploso
3094930;2;12/12/2016 19:45;Strada Urbana;CIRCONVALLAZIONE SALARIA;da specificare;;;;altezza palo Acea 89 dir. Stadio;Tamponamento Multiplo;Rettilineo;Due carreggiate;Asciutto;Asfaltata;Verticale ed orizzontale;Sereno;Intenso;Buona;Sufficiente;2;0;0;4;12,52086;41,93447;-1;4;Autocarro inferiore 35 q.;In marcia / fermata / arresto;Conducente;M;Illeso;0;;Non accertato;Inesploso
3094952;4;12/12/2016 18:00;Provinciale entro l'abitato;VIA NOMENTANA;in prossimità;;del civico n.;887;;Scontro laterale fra veicoli in marcia;Rettilineo;Una carreggiata a doppio senso;Asciutto;Asfaltata;Verticale ed orizzontale;Sereno;Normale;Buona;Sufficiente;1;0;0;1;12,52643;41,92167;-1;1;Motociclo a solo;In marcia / fermata / arresto;Conducente;F;Rimandato;0;NON DECEDUTO;Non accertato;
3094952;4;12/12/2016 18:00;Provinciale entro l'abitato;VIA NOMENTANA;in prossimità;;del civico n.;887;;Scontro laterale fra veicoli in marcia;Rettilineo;Una carreggiata a doppio senso;Asciutto;Asfaltata;Verticale ed orizzontale;Sereno;Normale;Buona;Sufficiente;1;0;0;1;12,52643;41,92167;-1;2;Autovettura privata;In marcia / fermata / arresto;Conducente;M;Illeso;0;;Non accertato;
3094953;4;12/12/2016 17:15;Strada Urbana;VIA MARTANA;all'intersezione semaforizzata con;VIALE TIRRENO;VIALE TIRRENO;;;Scontro laterale fra veicoli in marcia;Intersezione semaforizzata;Una carreggiata a senso unico di marcia;Asciutto;Asfaltata;Verticale ed orizzontale;Sereno;Normale;Buona;Sufficiente;0;0;0;3;12,52933;41,9393;-1;1;Autovettura privata;In marcia / fermata / arresto;Conducente;M;Illeso;0;;Non accertato;Inesploso
3094953;4;12/12/2016 17:15;Strada Urbana;VIA MARTANA;all'intersezione semaforizzata con;VIALE TIRRENO;VIALE TIRRENO;;;Scontro laterale fra veicoli in marcia;Intersezione semaforizzata;Una carreggiata a senso unico di marcia;Asciutto;Asfaltata;Verticale ed orizzontale;Sereno;Normale;Buona;Sufficiente;0;0;0;3;12,52933;41,9393;-1;2;Autovettura privata;In marcia / fermata / arresto;Conducente;F;Illeso;0;;Non accertato;Inesploso
3094953;4;12/12/2016 17:15;Strada Urbana;VIA MARTANA;all'intersezione semaforizzata con;VIALE TIRRENO;VIALE TIRRENO;;;Scontro laterale fra veicoli in marcia;Intersezione semaforizzata;Una carreggiata a senso unico di marcia;Asciutto;Asfaltata;Verticale ed orizzontale;Sereno;Normale;Buona;Sufficiente;0;0;0;3;12,52933;41,9393;-1;2;Autovettura privata;In marcia / fermata / arresto;Passeggero;F;Illeso;0;;Non accertato;Inesploso
3094962;16;10/12/2016 14:40;Strada Urbana;CIRCONVALLAZIONE GIANICOLENSE;all'intersezione semaforizzata con;VIA OTTAVIO GASPARRI;VIA OTTAVIO GASPARRI;;;Scontro laterale fra veicoli in marcia;Intersezione semaforizzata;Due carreggiate;Asciutto;Asfaltata;Verticale ed orizzontale;Sereno;Normale;Buona;Ore Diurne;0;0;0;4;12,44278;41,87737;-1;1;Autovettura privata;In marcia / fermata / arresto;Conducente;F;Illeso;0;;;
3094962;16;10/12/2016 14:40;Strada Urbana;CIRCONVALLAZIONE GIANICOLENSE;all'intersezione semaforizzata con;VIA OTTAVIO GASPARRI;VIA OTTAVIO GASPARRI;;;Scontro laterale fra veicoli in marcia;Intersezione semaforizzata;Due carreggiate;Asciutto;Asfaltata;Verticale ed orizzontale;Sereno;Normale;Buona;Ore Diurne;0;0;0;4;12,44278;41,87737;-1;2;Autovettura privata;In marcia / fermata / arresto;Conducente;M;Illeso;0;;;
3094962;16;10/12/2016 14:40;Strada Urbana;CIRCONVALLAZIONE GIANICOLENSE;all'intersezione semaforizzata con;VIA OTTAVIO GASPARRI;VIA OTTAVIO GASPARRI;;;Scontro laterale fra veicoli in marcia;Intersezione semaforizzata;Due carreggiate;Asciutto;Asfaltata;Verticale ed orizzontale;Sereno;Normale;Buona;Ore Diurne;0;0;0;4;12,44278;41,87737;-1;2;Autovettura privata;In marcia / fermata / arresto;Passeggero;F;Illeso;0;;Non accertato;Inesploso
3094962;16;10/12/2016 14:40;Strada Urbana;CIRCONVALLAZIONE GIANICOLENSE;all'intersezione semaforizzata con;VIA OTTAVIO GASPARRI;VIA OTTAVIO GASPARRI;;;Scontro laterale fra veicoli in marcia;Intersezione semaforizzata;Due carreggiate;Asciutto;Asfaltata;Verticale ed orizzontale;Sereno;Normale;Buona;Ore Diurne;0;0;0;4;12,44278;41,87737;-1;2;Autovettura privata;In marcia / fermata / arresto;Passeggero;F;Illeso;0;;Non accertato;Inesploso
3094965;19;12/12/2016 17:40;Strada Urbana;VIA DI TORREVECCHIA;in prossimità;;del civico n.;93;;Scontro laterale fra veicoli in marcia;Rettilineo;Una carreggiata a doppio senso;Asciutto;Asfaltata;Assente;Sereno;Normale;Buona;Sufficiente;1;0;0;1;12,42133;41,9353;-1;1;Autovettura privata;In marcia / fermata / arresto;Conducente;F;Rifiuta cure immediate;0;NON DECEDUTO;Non accertato;Inesploso
3094965;19;12/12/2016 17:40;Strada Urbana;VIA DI TORREVECCHIA;in prossimità;;del civico n.;93;;Scontro laterale fra veicoli in marcia;Rettilineo;Una carreggiata a doppio senso;Asciutto;Asfaltata;Assente;Sereno;Normale;Buona;Sufficiente;1;0;0;1;12,42133;41,9353;-1;2;Autovettura privata;In marcia / fermata / arresto;Conducente;M;Illeso;0;;Non accertato;Inesploso
3094966;16;11/12/2016 03:45;Strada Urbana;PIAZZALE ENRICO DUNANT;da specificare;;;;fronte civico 22;Scontro frontale fra veicoli in marcia;Rettilineo;Più di due carreggiate;Asciutto;Asfaltata;Verticale ed orizzontale;Sereno;Scarso;Sufficiente;Sufficiente;0;0;0;3;12,45862;41,87276;-1;1;Autovettura privata;In marcia / fermata / arresto;Conducente;M;Illeso;0;;Non accertato;
3094966;16;11/12/2016 03:45;Strada Urbana;PIAZZALE ENRICO DUNANT;da specificare;;;;fronte civico 22;Scontro frontale fra veicoli in marcia;Rettilineo;Più di due carreggiate;Asciutto;Asfaltata;Verticale ed orizzontale;Sereno;Scarso;Sufficiente;Sufficiente;0;0;0;3;12,45862;41,87276;-1;1;Autovettura privata;In marcia / fermata / arresto;Passeggero;M;Illeso;0;;Non accertato;
3094966;16;11/12/2016 03:45;Strada Urbana;PIAZZALE ENRICO DUNANT;da specificare;;;;fronte civico 22;Scontro frontale fra veicoli in marcia;Rettilineo;Più di due carreggiate;Asciutto;Asfaltata;Verticale ed orizzontale;Sereno;Scarso;Sufficiente;Sufficiente;0;0;0;3;12,45862;41,87276;-1;2;Autovettura privata;In marcia / fermata / arresto;Conducente;M;Illeso;0;;Non accertato;
3094985;16;11/12/2016 13:00;Strada Urbana;VIA FRANCESCO CATEL;in corrispondenza;;del civico n.;51;;Scontro frontale/laterale DX fra veicoli in marcia;Rettilineo;Una carreggiata a senso unico di marcia;Asciutto;Asfaltata;Assente;Sereno;Scarso;Buona;Ore Diurne;1;0;0;1;12,4479;41,87778;-1;1;Autovettura privata;In marcia / fermata / arresto;Conducente;M;Illeso;0;;Non accertato;