Protocollo;Gruppo;DataOraIncidente;Localizzazione1;STRADA1;Localizzazione2;STRADA2;Strada02;Chilometrica;DaSpecificare;NaturaIncidente;particolaritastrade;TipoStrada;FondoStradale;Pavimentazione;Segnaletica;CondizioneAtmosferica;Traffico;Visibilita;Illuminazione;NUM_FERITI;NUM_RISERVATA;NUM_MORTI;NUM_ILLESI;Longitudine;Latitudine;Confermato;Progressivo;TipoVeicolo;StatoVeicolo;TipoPersona;Sesso;Tipolesione;Deceduto;DecedutoDopo;CinturaCascoUtilizzato;Airbag
3097278;1;14/12/2016 15:40;Strada Urbana;LARGO DEL TRITONE;all'intersezione semaforizzata con;VIA DEL TRITONE;VIA DEL TRITONE;;;Investimento di pedone;Intersezione semaforizzata;Una carreggiata a doppio senso;Asciutto;Asfaltata;Verticale ed orizzontale;Sereno;Normale;Buona;Ore Diurne;0;0;0;2;12,48541;41,90248;-1;;;;Pedone;M;Illeso;0;;;
3097278;1;14/12/2016 15:40;Strada Urbana;LARGO DEL TRITONE;all'intersezione semaforizzata con;VIA DEL TRITONE;VIA DEL TRITONE;;;Investimento di pedone;Intersezione semaforizzata;Una carreggiata a doppio senso;Asciutto;Asfaltata;Verticale ed orizzontale;Sereno;Normale;Buona;Ore Diurne;0;0;0;2;12,48541;41,90248;-1;1;Ciclomotore;In marcia / fermata / arresto;Conducente;M;Illeso;0;;Non accertato;
3097326;1;13/12/2016 19:55;Strada Urbana;VIA CRISTOFORO COLOMBO;all'intersezione semaforizzata con;VIALE DI PORTA ARDEATINA;VIALE DI PORTA ARDEATINA;;;Scontro frontale/laterale SX fra veicoli in marcia;Intersezione semaforizzata;Una carreggiata a doppio senso;Asciutto;Asfaltata;Verticale ed orizzontale;Sereno;Normale;Sufficiente;Sufficiente;1;0;0;2;12,32011;43,15759;-1;1;Autovettura privata;In marcia / fermata / arresto;Conducente;M;Illeso;0;;Non accertato;Inesploso
3097326;1;13/12/2016 19:55;Strada Urbana;VIA CRISTOFORO COLOMBO;all'intersezione semaforizzata con;VIALE DI PORTA ARDEATINA;VIALE DI PORTA ARDEATINA;;;Scontro frontale/laterale SX fra veicoli in marcia;Intersezione semaforizzata;Una carreggiata a doppio senso;Asciutto;Asfaltata;Verticale ed orizzontale;Sereno;Normale;Sufficiente;Sufficiente;1;0;0;2;12,32011;43,15759;-1;2;Autovettura privata;In marcia / fermata / arresto;Conducente;M;Illeso;0;;Non accertato;Esploso
3097326;1;13/12/2016 19:55;Strada Urbana;VIA CRISTOFORO COLOMBO;all'intersezione semaforizzata con;VIALE DI PORTA ARDEATINA;VIALE DI PORTA ARDEATINA;;;Scontro frontale/laterale SX fra veicoli in marcia;Intersezione semaforizzata;Una carreggiata a doppio senso;Asciutto;Asfaltata;Verticale ed orizzontale;Sereno;Normale;Sufficiente;Sufficiente;1;0;0;2;12,32011;43,15759;-1;3;Motociclo a solo;In marcia / fermata / arresto;Conducente;M;Ricoverato;0;NON DECEDUTO;Non accertato;
3097327;12;14/12/2016 14:20;Provinciale;VIA ARDEATINA;in prossimità;;della chilometrica;17.3;;Veicolo in marcia contro ostacolo accidentale;Rettilineo;Una carreggiata a doppio senso;Asciutto;Asfaltata;Verticale ed orizzontale;Sereno;Normale;Buona;Ore Diurne;0;0;0;2;12,56072;41,74837;-1;1;Autovettura privata;In marcia / fermata / arresto;Conducente;M;Illeso;0;;Utilizzato;Inesploso
3097327;12;14/12/2016 14:20;Provinciale;VIA ARDEATINA;in prossimità;;della chilometrica;17.3;;Veicolo in marcia contro ostacolo accidentale;Rettilineo;Una carreggiata a doppio senso;Asciutto;Asfaltata;Verticale ed orizzontale;Sereno;Normale;Buona;Ore Diurne;0;0;0;2;12,56072;41,74837;-1;1;Autovettura privata;In marcia / fermata / arresto;Passeggero;F;Illeso;0;;Utilizzato;Inesploso
3097354;15;14/12/2016 06:30;Strada Urbana;VIA PESCAGLIA;all'intersezione con;VIA PIEVE FOSCIANA;VIA PIEVE FOSCIANA;;;Scontro frontale/laterale SX fra veicoli in marcia;Incrocio;Una carreggiata a doppio senso;Asciutto;Asfaltata;Verticale;Sereno;Scarso;Buona;Ore Diurne;0;0;0;3;12,46152;41,84726;-1;1;Autovettura privata;In marcia / fermata / arresto;Conducente;M;Illeso;0;;Non accertato;Inesploso
3097354;15;14/12/2016 06:30;Strada Urbana;VIA PESCAGLIA;all'intersezione con;VIA PIEVE FOSCIANA;VIA PIEVE FOSCIANA;;;Scontro frontale/laterale SX fra veicoli in marcia;Incrocio;Una carreggiata a doppio senso;Asciutto;Asfaltata;Verticale;Sereno;Scarso;Buona;Ore Diurne;0;0;0;3;12,46152;41,84726;-1;1;Autovettura privata;In marcia / fermata / arresto;Passeggero;F;Illeso;0;;Non accertato;Inesploso
3097354;15;14/12/2016 06:30;Strada Urbana;VIA PESCAGLIA;all'intersezione con;VIA PIEVE FOSCIANA;VIA PIEVE FOSCIANA;;;Scontro frontale/laterale SX fra veicoli in marcia;Incrocio;Una carreggiata a doppio senso;Asciutto;Asfaltata;Verticale;Sereno;Scarso;Buona;Ore Diurne;0;0;0;3;12,46152;41,84726;-1;2;Autovettura privata;In marcia / fermata / arresto;Conducente;F;Illeso;0;;Non accertato;Inesploso
3097360;15;14/12/2016 14:12;Strada Urbana;VIA PIEVE FOSCIANA;in corrispondenza;;del civico n.;45;;Scontro laterale fra veicoli in marcia;Rettilineo;Una carreggiata a doppio senso;Asciutto;Asfaltata;Assente;Sereno;Normale;Buona;Ore Diurne;2;0;0;2;12,46186;41,84637;-1;1;Autovettura privata;In marcia / fermata / arresto;Conducente;M;Illeso;0;;Utilizzato;
3097360;15;14/12/2016 14:12;Strada Urbana;VIA PIEVE FOSCIANA;in corrispondenza;;del civico n.;45;;Scontro laterale fra veicoli in marcia;Rettilineo;Una carreggiata a doppio senso;Asciutto;Asfaltata;Assente;Sereno;Normale;Buona;Ore Diurne;2;0;0;2;12,46186;41,84637;-1;1;Autovettura privata;In marcia / fermata / arresto;Passeggero;F;Illeso;0;;Utilizzato;
3097360;15;14/12/2016 14:12;Strada Urbana;VIA PIEVE FOSCIANA;in corrispondenza;;del civico n.;45;;Scontro laterale fra veicoli in marcia;Rettilineo;Una carreggiata a doppio senso;Asciutto;Asfaltata;Assente;Sereno;Normale;Buona;Ore Diurne;2;0;0;2;12,46186;41,84637;-1;2;Motociclo a solo;In marcia / fermata / arresto;Conducente;M;Rimandato;0;NON DECEDUTO;Utilizzato;
3097360;15;14/12/2016 14:12;Strada Urbana;VIA PIEVE FOSCIANA;in corrispondenza;;del civico n.;45;;Scontro laterale fra veicoli in marcia;Rettilineo;Una carreggiata a doppio senso;Asciutto;Asfaltata;Assente;Sereno;Normale;Buona;Ore Diurne;2;0;0;2;12,46186;41,84637;-1;2;Motociclo a solo;In marcia / fermata / arresto;Passeggero;F;Rimandato;0;NON DECEDUTO;Utilizzato;
3097369;15;14/12/2016 12:10;Strada Urbana;VIA PIETRO FRATTINI;all'intersezione con;VIA DEGLI ORTI SPAGNOLI;VIA DEGLI ORTI SPAGNOLI;;;Scontro frontale/laterale DX fra veicoli in marcia;Incrocio;Una carreggiata a doppio senso;Asciutto;Asfaltata;Verticale ed orizzontale;Sereno;Normale;Buona;Ore Diurne;0;0;0;2;12,44857;41,8502;-1;1;Autovettura privata;In marcia / fermata / arresto;Conducente;F;Illeso;0;;Non accertato;Inesploso
3097369;15;14/12/2016 12:10;Strada Urbana;VIA PIETRO FRATTINI;all'intersezione con;VIA DEGLI ORTI SPAGNOLI;VIA DEGLI ORTI SPAGNOLI;;;Scontro frontale/laterale DX fra veicoli in marcia;Incrocio;Una carreggiata a doppio senso;Asciutto;Asfaltata;Verticale ed orizzontale;Sereno;Normale;Buona;Ore Diurne;0;0;0;2;12,44857;41,8502;-1;2;Autovettura privata;In marcia / fermata / arresto;Conducente;F;Illeso;0;;Non accertato;Inesploso
3097632;9;14/12/2016 17:00;Strada Urbana;VIA APPIA NUOVA;da specificare;;;;prossimità VIA DEMTRIADE;Veicolo in marcia contro ostacolo fisso;Rettilineo;Una carreggiata a senso unico di marcia;Asciutto;Asfaltata;Verticale ed orizzontale;Sereno;Normale;Sufficiente;Sufficiente;0;0;0;1;12,53403;41,86099;-1;1;Autovettura privata;In marcia / fermata / arresto;Conducente;M;Illeso;0;;Non accertato;Inesploso
3097646;11;14/12/2016 07:00;Strada Urbana;VIA CRISTOFORO COLOMBO;in prossimità;;del civico n.;90;;Tamponamento;Rettilineo;Più di due carreggiate;Asciutto;Asfaltata;Verticale ed orizzontale;Sereno;Normale;Sufficiente;Sufficiente;1;0;0;2;12,49591;41,86641;-1;1;Autovettura privata;In marcia / fermata / arresto;Conducente;F;Rimandato;0;NON DECEDUTO;Non accertato;
3097646;11;14/12/2016 07:00;Strada Urbana;VIA CRISTOFORO COLOMBO;in prossimità;;del civico n.;90;;Tamponamento;Rettilineo;Più di due carreggiate;Asciutto;Asfaltata;Verticale ed orizzontale;Sereno;Normale;Sufficiente;Sufficiente;1;0;0;2;12,49591;41,86641;-1;1;Autovettura privata;In marcia / fermata / arresto;Passeggero;F;Illeso;0;;Non accertato;
3097646;11;14/12/2016 07:00;Strada Urbana;VIA CRISTOFORO COLOMBO;in prossimità;;del civico n.;90;;Tamponamento;Rettilineo;Più di due carreggiate;Asciutto;Asfaltata;Verticale ed orizzontale;Sereno;Normale;Sufficiente;Sufficiente;1;0;0;2;12,49591;41,86641;-1;2;Autocarro inferiore 35 q.;In marcia / fermata / arresto;Conducente;M;Illeso;0;;Non accertato;
3097665;5;14/12/2016 06:50;Strada Urbana;VIA GIUSEPPE ANTONIO ANDRIULLI;da specificare;;;;direz. Tiburtina alt. svincolo invers. di marcia;Scontro frontale/laterale SX fra veicoli in marcia;Rettilineo;Due carreggiate;Asciutto;Asfaltata;Verticale ed orizzontale;Sereno;Normale;Buona;Ore Diurne;1;0;0;1;12,55751;41,90399;-1;1;Autovettura privata;In marcia / fermata / arresto;Conducente;F;Rimandato;0;NON DECEDUTO;Non accertato;Inesistente
3097665;5;14/12/2016 06:50;Strada Urbana;VIA GIUSEPPE ANTONIO ANDRIULLI;da specificare;;;;direz. Tiburtina alt. svincolo invers. di marcia;Scontro frontale/laterale SX fra veicoli in marcia;Rettilineo;Due carreggiate;Asciutto;Asfaltata;Verticale ed orizzontale;Sereno;Normale;Buona;Ore Diurne;1;0;0;1;12,55751;41,90399;-1;2;Autovettura privata;In marcia / fermata / arresto;Conducente;M;Illeso;0;;Non accertato;Inesistente
3097670;5;14/12/2016 14:00;Strada Urbana;VIALE EGIDIO GALBANI;da specificare;;;;prossimità via Cicogna;Scontro laterale fra veicoli in marcia;Rettilineo;Due carreggiate;Asciutto;Asfaltata;Orizzontale;Sereno;Normale;Buona;Ore Diurne;0;0;0;2;12,5641;41,92793;-1;1;Autocarro inferiore 35 q.;In marcia / fermata / arresto;Conducente;M;Illeso;0;;Non accertato;Inesploso
3097670;5;14/12/2016 14:00;Strada Urbana;VIALE EGIDIO GALBANI;da specificare;;;;prossimità via Cicogna;Scontro laterale fra veicoli in marcia;Rettilineo;Due carreggiate;Asciutto;Asfaltata;Orizzontale;Sereno;Normale;Buona;Ore Diurne;0;0;0;2;12,5641;41,92793;-1;2;Autovettura privata;In marcia / fermata / arresto;Conducente;M;Illeso;0;;Non accertato;Inesploso
3097675;5;14/12/2016 23:15;Strada Urbana;VIA TIBURTINA;in prossimità;;del civico n.;515;;Tamponamento;Rettilineo;Due carreggiate;Asciutto;Asfaltata;Verticale ed orizzontale;Sereno;Scarso;Sufficiente;Sufficiente;0;0;0;3;12,54085;41,90868;-1;1;Autovettura privata;In marcia / fermata / arresto;Conducente;F;Illeso;0;;Non accertato;Inesploso
3097675;5;14/12/2016 23:15;Strada Urbana;VIA TIBURTINA;in prossimità;;del civico n.;515;;Tamponamento;Rettilineo;Due carreggiate;Asciutto;Asfaltata;Verticale ed orizzontale;Sereno;Scarso;Sufficiente;Sufficiente;0;0;0;3;12,54085;41,90868;-1;1;Autovettura privata;In marcia / fermata / arresto;Passeggero;M;Illeso;0;;Non accertato;Inesploso
3097675;5;14/12/2016 23:15;Strada Urbana;VIA TIBURTINA;in prossimità;;del civico n.;515;;Tamponamento;Rettilineo;Due carreggiate;Asciutto;Asfaltata;Verticale ed orizzontale;Sereno;Scarso;Sufficiente;Sufficiente;0;0;0;3;12,54085;41,90868;-1;2;Autovettura privata;In marcia / fermata / arresto;Conducente;M;Illeso;0;;Non accertato;Inesploso
3097683;15;14/12/2016 19:20;Strada Urbana;VIA PORTUENSE;in prossimità;;del civico n.;718C;;Tamponamento;Rettilineo;Una carreggiata a doppio senso;Asciutto;Asfaltata;Orizzontale;Sereno;Normale;Buona;Sufficiente;0;0;0;2;12,43308;41,85189;-1;1;Autovettura privata;In marcia / fermata / arresto;Conducente;M;Illeso;0;;;Inesploso
3097683;15;14/12/2016 19:20;Strada Urbana;VIA PORTUENSE;in prossimità;;del civico n.;718C;;Tamponamento;Rettilineo;Una carreggiata a doppio senso;Asciutto;Asfaltata;Orizzontale;Sereno;Normale;Buona;Sufficiente;0;0;0;2;12,43308;41,85189;-1;2;Autocarro inferiore 35 q.;In marcia / fermata / arresto;Conducente;M;Illeso;0;;;
3097690;15;14/12/2016 16:40;Strada Urbana;VIA DELLA CASETTA MATTEI;all'intersezione con;VIA LA CONTEA;VIA LA CONTEA;;;Scontro frontale/laterale DX fra veicoli in marcia;Incrocio;Una carreggiata a doppio senso;Asciutto;Asfaltata;Verticale;Sereno;Intenso;Buona;Ore Diurne;0;0;0;3;12,42012;41,85664;-1;1;Autovettura privata;In marcia / fermata / arresto;Conducente;F;Illeso;0;;Non accertato;Inesploso
3097690;15;14/12/2016 16:40;Strada Urbana;VIA DELLA CASETTA MATTEI;all'intersezione con;VIA LA CONTEA;VIA LA CONTEA;;;Scontro frontale/laterale DX fra veicoli in marcia;Incrocio;Una carreggiata a doppio senso;Asciutto;Asfaltata;Verticale;Sereno;Intenso;Buona;Ore Diurne;0;0;0;3;12,42012;41,85664;-1;2;Motociclo con passeggero;In marcia / fermata / arresto;Conducente;M;Illeso;0;;;
3097690;15;14/12/2016 16:40;Strada Urbana;VIA DELLA CASETTA MATTEI;all'intersezione con;VIA LA CONTEA;VIA LA CONTEA;;;Scontro frontale/laterale DX fra veicoli in marcia;Incrocio;Una carreggiata a doppio senso;Asciutto;Asfaltata;Verticale;Sereno;Intenso;Buona;Ore Diurne;0;0;0;3;12,42012;41,85664;-1;2;Motociclo con passeggero;In marcia / fermata / arresto;Passeggero;F;Illeso;0;;;
3097696;15;14/12/2016 20:30;Strada Urbana;VIA PORTUENSE;in prossimità;;del civico n.;746/A;;Investimento di pedone;Rettilineo;Una carreggiata a doppio senso;Asciutto;Asfaltata;Verticale ed orizzontale;Sereno;Normale;Sufficiente;Sufficiente;0;0;0;2;12,42673;41,85113;-1;;;;Pedone;F;Illeso;0;;;
3097696;15;14/12/2016 20:30;Strada Urbana;VIA PORTUENSE;in prossimità;;del civico n.;746/A;;Investimento di pedone;Rettilineo;Una carreggiata a doppio senso;Asciutto;Asfaltata;Verticale ed orizzontale;Sereno;Normale;Sufficiente;Sufficiente;0;0;0;2;12,42673;41,85113;-1;1;Motociclo a solo;In marcia / fermata / arresto;Conducente;M;Illeso;0;;;
3097697;11;14/12/2016 12:40;Strada Urbana;VIA DI GROTTA PERFETTA;all'intersezione con;LARGO PIERO BARGELLINI;LARGO PIERO BARGELLINI;;;Scontro laterale fra veicoli in marcia;Intersezione non regolata/non segnalata;Una carreggiata a doppio senso;Asciutto;Asfaltata;Orizzontale;Sereno;Normale;Buona;Ore Diurne;1;0;0;1;12,50158;41,84057;-1;1;Motociclo a solo;In marcia / fermata / arresto;Conducente;M;Rimandato;0;NON DECEDUTO;Non accertato;
3097697;11;14/12/2016 12:40;Strada Urbana;VIA DI GROTTA PERFETTA;all'intersezione con;LARGO PIERO BARGELLINI;LARGO PIERO BARGELLINI;;;Scontro laterale fra veicoli in marcia;Intersezione non regolata/non segnalata;Una carreggiata a doppio senso;Asciutto;Asfaltata;Orizzontale;Sereno;Normale;Buona;Ore Diurne;1;0;0;1;12,50158;41,84057;-1;2;Autovettura privata;In marcia / fermata / arresto;Conducente;F;Illeso;0;;Non accertato;
3097704;18;14/12/2016 11:00;Strada Urbana;VIA DI BOCCEA;in corrispondenza;;del civico n.;496;;Scontro laterale fra veicoli in marcia;Rettilineo;Una carreggiata a doppio senso;Asciutto;Asfaltata;Verticale ed orizzontale;Sereno;Normale;Buona;Ore Diurne;1;0;0;1;12,38673;41,91442;-1;1;Autovettura privata;In marcia / fermata / arresto;Conducente;M;Illeso;0;;Non accertato;Inesploso
3097704;18;14/12/2016 11:00;Strada Urbana;VIA DI BOCCEA;in corrispondenza;;del civico n.;496;;Scontro laterale fra veicoli in marcia;Rettilineo;Una carreggiata a doppio senso;Asciutto;Asfaltata;Verticale ed orizzontale;Sereno;Normale;Buona;Ore Diurne;1;0;0;1;12,38673;41,91442;-1;2;Motociclo a solo;In marcia / fermata / arresto;Conducente;M;Rimandato;0;NON DECEDUTO;Non accertato;
3097709;8;14/12/2016 15:00;Strada Urbana;VIA DI VERMICINO;da specificare;;;;alt. Via Calascibetta;Scontro laterale fra veicoli in marcia;Curva a visuale libera;Una carreggiata a doppio senso;Asciutto;Asfaltata;Verticale ed orizzontale;Sereno;Normale;Buona;Ore Diurne;1;0;0;2;12,67241;41,85173;-1;1;Autovettura privata;In marcia / fermata / arresto;Conducente;F;Rifiuta cure immediate;0;NON DECEDUTO;Non accertato;Inesploso
3097709;8;14/12/2016 15:00;Strada Urbana;VIA DI VERMICINO;da specificare;;;;alt. Via Calascibetta;Scontro laterale fra veicoli in marcia;Curva a visuale libera;Una carreggiata a doppio senso;Asciutto;Asfaltata;Verticale ed orizzontale;Sereno;Normale;Buona;Ore Diurne;1;0;0;2;12,67241;41,85173;-1;1;Autovettura privata;In marcia / fermata / arresto;Passeggero;F;Illeso;0;;Non accertato;Inesploso
3097709;8;14/12/2016 15:00;Strada Urbana;VIA DI VERMICINO;da specificare;;;;alt. Via Calascibetta;Scontro laterale fra veicoli in marcia;Curva a visuale libera;Una carreggiata a doppio senso;Asciutto;Asfaltata;Verticale ed orizzontale;Sereno;Normale;Buona;Ore Diurne;1;0;0;2;12,67241;41,85173;-1;2;Autovettura privata;In marcia / fermata / arresto;Conducente;F;Illeso;0;;Non accertato;Inesploso
3097713;8;14/12/2016 09:40;Strada Urbana;VIA DEL FOSSO DI S. MAURA;in corrispondenza;;del palo luce n.;43;;Tamponamento;Rettilineo;Una carreggiata a senso unico di marcia;Asciutto;Asfaltata;Verticale ed orizzontale;Sereno;Normale;Buona;Ore Diurne;3;0;0;0;12,59427;41,858;-1;1;Autocarro inferiore 35 q.;In marcia / fermata / arresto;Conducente;M;Rifiuta cure immediate;0;NON DECEDUTO;Non accertato;Inesploso
3097713;8;14/12/2016 09:40;Strada Urbana;VIA DEL FOSSO DI S. MAURA;in corrispondenza;;del palo luce n.;43;;Tamponamento;Rettilineo;Una carreggiata a senso unico di marcia;Asciutto;Asfaltata;Verticale ed orizzontale;Sereno;Normale;Buona;Ore Diurne;3;0;0;0;12,59427;41,858;-1;1;Autocarro inferiore 35 q.;In marcia / fermata / arresto;Passeggero;M;Rifiuta cure immediate;0;NON DECEDUTO;Non accertato;Inesploso
3097713;8;14/12/2016 09:40;Strada Urbana;VIA DEL FOSSO DI S. MAURA;in corrispondenza;;del palo luce n.;43;;Tamponamento;Rettilineo;Una carreggiata a senso unico di marcia;Asciutto;Asfaltata;Verticale ed orizzontale;Sereno;Normale;Buona;Ore Diurne;3;0;0;0;12,59427;41,858;-1;2;Autovettura privata;In marcia / fermata / arresto;Conducente;F;Rifiuta cure immediate;0;NON DECEDUTO;Non accertato;Inesploso
3097715;8;14/12/2016 11:00;Strada Urbana;VIA DEL CASALONE;in corrispondenza;;del palo luce n.;12;;Scontro frontale fra veicoli in marcia;Pendenza;Una carreggiata a doppio senso;Asciutto;Asfaltata;Orizzontale;Sereno;Normale;Buona;Ore Diurne;3;0;0;0;12,67938;41,92008;-1;1;Autovettura privata;In marcia / fermata / arresto;Conducente;F;Ricoverato;0;NON DECEDUTO;Non accertato;
3097715;8;14/12/2016 11:00;Strada Urbana;VIA DEL CASALONE;in corrispondenza;;del palo luce n.;12;;Scontro frontale fra veicoli in marcia;Pendenza;Una carreggiata a doppio senso;Asciutto;Asfaltata;Orizzontale;Sereno;Normale;Buona;Ore Diurne;3;0;0;0;12,67938;41,92008;-1;1;Autovettura privata;In marcia / fermata / arresto;Passeggero;F;Ricoverato;0;NON DECEDUTO;Non accertato;Esploso
3097715;8;14/12/2016 11:00;Strada Urbana;VIA DEL CASALONE;in corrispondenza;;del palo luce n.;12;;Scontro frontale fra veicoli in marcia;Pendenza;Una carreggiata a doppio senso;Asciutto;Asfaltata;Orizzontale;Sereno;Normale;Buona;Ore Diurne;3;0;0;0;12,67938;41,92008;-1;2;Autovettura privata;In marcia / fermata / arresto;Conducente;F;Ricoverato;0;NON DECEDUTO;;
3097721;8;14/12/2016 07:10;Statale entro l'abitato;VIA CASILINA;in prossimità;;del civico n.;1762;;Investimento di pedone;Rettilineo;Una carreggiata a doppio senso;Asciutto;Asfaltata;Verticale ed orizzontale;Sereno;Intenso;Buona;Ore Diurne;1;0;0;1;12,66988;41,86385;-1;;;;Pedone;F;Ricoverato;0;NON DECEDUTO;;
3097721;8;14/12/2016 07:10;Statale entro l'abitato;VIA CASILINA;in prossimità;;del civico n.;1762;;Investimento di pedone;Rettilineo;Una carreggiata a doppio senso;Asciutto;Asfaltata;Verticale ed orizzontale;Sereno;Intenso;Buona;Ore Diurne;1;0;0;1;12,66988;41,86385;-1;1;Autovettura privata;In marcia / fermata / arresto;Conducente;M;Illeso;0;;Non accertato;Inesploso
3097728;8;15/12/2016 05:40;Strada Urbana;VIA RADDUSA;all'intersezione con;VIA RIPOSTO;VIA RIPOSTO;;;Scontro frontale/laterale SX fra veicoli in marcia;Intersezione stradale segnalata;Una carreggiata a senso unico di marcia;Asciutto;Asfaltata;Verticale ed orizzontale;Sereno;Scarso;Buona;Sufficiente;3;0;0;0;12,65161;41,86752;-1;1;Autovettura privata;In marcia / fermata / arresto;Conducente;M;Rifiuta cure immediate;0;NON DECEDUTO;Non accertato;Inesploso
3097728;8;15/12/2016 05:40;Strada Urbana;VIA RADDUSA;all'intersezione con;VIA RIPOSTO;VIA RIPOSTO;;;Scontro frontale/laterale SX fra veicoli in marcia;Intersezione stradale segnalata;Una carreggiata a senso unico di marcia;Asciutto;Asfaltata;Verticale ed orizzontale;Sereno;Scarso;Buona;Sufficiente;3;0;0;0;12,65161;41,86752;-1;1;Autovettura privata;In marcia / fermata / arresto;Passeggero;F;Rimandato;0;NON DECEDUTO;Non accertato;Inesploso
3097728;8;15/12/2016 05:40;Strada Urbana;VIA RADDUSA;all'intersezione con;VIA RIPOSTO;VIA RIPOSTO;;;Scontro frontale/laterale SX fra veicoli in marcia;Intersezione stradale segnalata;Una carreggiata a senso unico di marcia;Asciutto;Asfaltata;Verticale ed orizzontale;Sereno;Scarso;Buona;Sufficiente;3;0;0;0;12,65161;41,86752;-1;2;Autovettura privata;In marcia / fermata / arresto;Conducente;M;Rifiuta cure immediate;0;NON DECEDUTO;Non accertato;Inesploso
3097733;8;14/12/2016 07:10;Strada Urbana;VIA DI COSTAMAGNA;in prossimità;;del civico n.;2;;Tamponamento;Rettilineo;Una carreggiata a doppio senso;Asciutto;Asfaltata;Assente;Sereno;Scarso;Sufficiente;Ore Diurne;0;0;0;2;12,72038;41,83644;-1;1;Autovettura privata;In marcia / fermata / arresto;Conducente;M;Illeso;0;;Non accertato;Inesploso
3097733;8;14/12/2016 07:10;Strada Urbana;VIA DI COSTAMAGNA;in prossimità;;del civico n.;2;;Tamponamento;Rettilineo;Una carreggiata a doppio senso;Asciutto;Asfaltata;Assente;Sereno;Scarso;Sufficiente;Ore Diurne;0;0;0;2;12,72038;41,83644;-1;2;Autovettura privata;In marcia / fermata / arresto;Conducente;M;Illeso;0;;Non accertato;Inesploso
3097738;8;14/12/2016 09:45;Strada Urbana;VIA ISNELLO;da specificare;;;;pross. civ. 1 (parcheggio Eurospin);Veicolo in marcia contro veicolo fermo;Rettilineo;Una carreggiata a doppio senso;Asciutto;Asfaltata;Assente;Sereno;Scarso;Buona;Ore Diurne;0;0;0;2;12,67805;41,86392;-1;1;Autovettura privata;In marcia / fermata / arresto;Conducente;F;Illeso;0;;Non accertato;Inesploso
3097738;8;14/12/2016 09:45;Strada Urbana;VIA ISNELLO;da specificare;;;;pross. civ. 1 (parcheggio Eurospin);Veicolo in marcia contro veicolo fermo;Rettilineo;Una carreggiata a doppio senso;Asciutto;Asfaltata;Assente;Sereno;Scarso;Buona;Ore Diurne;0;0;0;2;12,67805;41,86392;-1;2;Autovettura privata;In marcia / fermata / arresto;Conducente;M;Illeso;0;;Non accertato;Inesploso
3097739;13;14/12/2016 07:45;Strada Urbana;VIA COSTANZO CASANA;all'intersezione con;VIA TAGASTE;VIA TAGASTE;;;Scontro frontale/laterale DX fra veicoli in marcia;Incrocio;Due carreggiate;Asciutto;Asfaltata;Verticale ed orizzontale;Sereno;Normale;Buona;Ore Diurne;1;0;0;2;12,26864;41,73867;-1;1;Autovettura privata;In marcia / fermata / arresto;Conducente;F;Rimandato;0;NON DECEDUTO;Non accertato;Inesploso
3097739;13;14/12/2016 07:45;Strada Urbana;VIA COSTANZO CASANA;all'intersezione con;VIA TAGASTE;VIA TAGASTE;;;Scontro frontale/laterale DX fra veicoli in marcia;Incrocio;Due carreggiate;Asciutto;Asfaltata;Verticale ed orizzontale;Sereno;Normale;Buona;Ore Diurne;1;0;0;2;12,26864;41,73867;-1;2;Autovettura privata;In marcia / fermata / arresto;Conducente;F;Illeso;0;;Non accertato;Inesploso
3097739;13;14/12/2016 07:45;Strada Urbana;VIA COSTANZO CASANA;all'intersezione con;VIA TAGASTE;VIA TAGASTE;;;Scontro frontale/laterale DX fra veicoli in marcia;Incrocio;Due carreggiate;Asciutto;Asfaltata;Verticale ed orizzontale;Sereno;Normale;Buona;Ore Diurne;1;0;0;2;12,26864;41,73867;-1;2;Autovettura privata;In marcia / fermata / arresto;Passeggero;M;Illeso;0;;Non accertato;Inesploso
3097744;8;14/12/2016 08:00;Strada Urbana;VIALE OXFORD;da specificare;;;;alt. svincolo x Via Tor Vergata dir. Tuscolana;Scontro frontale/laterale DX fra veicoli in marcia;Rotatoria;Una carreggiata a senso unico di marcia;Asciutto;Asfaltata;Verticale ed orizzontale;Sereno;Normale;Sufficiente;Ore Diurne;0;0;0;3;12,62777;41,86032;-1;1;Autovettura privata;In marcia / fermata / arresto;Conducente;M;Illeso;0;;Non accertato;Inesploso
3097744;8;14/12/2016 08:00;Strada Urbana;VIALE OXFORD;da specificare;;;;alt. svincolo x Via Tor Vergata dir. Tuscolana;Scontro frontale/laterale DX fra veicoli in marcia;Rotatoria;Una carreggiata a senso unico di marcia;Asciutto;Asfaltata;Verticale ed orizzontale;Sereno;Normale;Sufficiente;Ore Diurne;0;0;0;3;12,62777;41,86032;-1;2;Autovettura privata;In marcia / fermata / arresto;Conducente;M;Illeso;0;;Non accertato;Inesploso
3097744;8;14/12/2016 08:00;Strada Urbana;VIALE OXFORD;da specificare;;;;alt. svincolo x Via Tor Vergata dir. Tuscolana;Scontro frontale/laterale DX fra veicoli in marcia;Rotatoria;Una carreggiata a senso unico di marcia;Asciutto;Asfaltata;Verticale ed orizzontale;Sereno;Normale;Sufficiente;Ore Diurne;0;0;0;3;12,62777;41,86032;-1;2;Autovettura privata;In marcia / fermata / arresto;Passeggero;M;Illeso;0;;Non accertato;Inesploso