Protocollo;Gruppo;DataOraIncidente;Localizzazione1;STRADA1;Localizzazione2;STRADA2;Strada02;Chilometrica;DaSpecificare;NaturaIncidente;particolaritastrade;TipoStrada;FondoStradale;Pavimentazione;Segnaletica;CondizioneAtmosferica;Traffico;Visibilita;Illuminazione;NUM_FERITI;NUM_RISERVATA;NUM_MORTI;NUM_ILLESI;Longitudine;Latitudine;Confermato;Progressivo;TipoVeicolo;StatoVeicolo;TipoPersona;Sesso;Tipolesione;Deceduto;DecedutoDopo;CinturaCascoUtilizzato;Airbag
3104513;6;19/12/2016 16:55;Strada Urbana;VIA DI CENTOCELLE;da specificare;;;;fronte civico 108;Veicolo in marcia contro ostacolo fisso;Curva a visuale libera;Una carreggiata a senso unico di marcia;Bagnato (pioggia);Asfaltata;Orizzontale;Pioggia in atto;Normale;Buona;Sufficiente;0;0;0;3;12,54948;41,87376;-1;1;Autovettura privata;In marcia / fermata / arresto;Passeggero;M;Illeso;0;;Non accertato;Inesploso
3104514;16;16/12/2016 17:45;Strada Urbana;CIRCONVALLAZIONE GIANICOLENSE;in corrispondenza;;del civico n.;306;;Tamponamento Multiplo;Rettilineo;Più di due carreggiate;Asciutto;Asfaltata;Verticale;Sereno;Intenso;Sufficiente;Sufficiente;0;0;0;4;12,44563;41,87559;-1;1;Autovettura privata;In marcia / fermata / arresto;Conducente;M;Illeso;0;;Non accertato;
3104514;16;16/12/2016 17:45;Strada Urbana;CIRCONVALLAZIONE GIANICOLENSE;in corrispondenza;;del civico n.;306;;Tamponamento Multiplo;Rettilineo;Più di due carreggiate;Asciutto;Asfaltata;Verticale;Sereno;Intenso;Sufficiente;Sufficiente;0;0;0;4;12,44563;41,87559;-1;2;Autovettura privata;In marcia / fermata / arresto;Conducente;M;Illeso;0;;Non accertato;
3104514;16;16/12/2016 17:45;Strada Urbana;CIRCONVALLAZIONE GIANICOLENSE;in corrispondenza;;del civico n.;306;;Tamponamento Multiplo;Rettilineo;Più di due carreggiate;Asciutto;Asfaltata;Verticale;Sereno;Intenso;Sufficiente;Sufficiente;0;0;0;4;12,44563;41,87559;-1;2;Autovettura privata;In marcia / fermata / arresto;Passeggero;M;Illeso;0;;Non accertato;
3104514;16;16/12/2016 17:45;Strada Urbana;CIRCONVALLAZIONE GIANICOLENSE;in corrispondenza;;del civico n.;306;;Tamponamento Multiplo;Rettilineo;Più di due carreggiate;Asciutto;Asfaltata;Verticale;Sereno;Intenso;Sufficiente;Sufficiente;0;0;0;4;12,44563;41,87559;-1;3;Autovettura privata;In marcia / fermata / arresto;Conducente;M;Illeso;0;;Non accertato;
3104515;13;19/12/2016 07:50;Strada Urbana;VIA GALLI DELLA MANTICA;in prossimità;;del civico n.;28;;Veicolo in marcia contro ostacolo accidentale;Rettilineo;Una carreggiata a senso unico di marcia;Asciutto;Asfaltata;Verticale;Nuvoloso;Scarso;Buona;Ore Diurne;0;0;0;3;12,2877;41,73391;-1;1;Autovettura privata;In marcia / fermata / arresto;Conducente;F;Illeso;0;;Non accertato;Inesploso
3104515;13;19/12/2016 07:50;Strada Urbana;VIA GALLI DELLA MANTICA;in prossimità;;del civico n.;28;;Veicolo in marcia contro ostacolo accidentale;Rettilineo;Una carreggiata a senso unico di marcia;Asciutto;Asfaltata;Verticale;Nuvoloso;Scarso;Buona;Ore Diurne;0;0;0;3;12,2877;41,73391;-1;1;Autovettura privata;In marcia / fermata / arresto;Passeggero;M;Illeso;0;;Non accertato;Inesploso
3104515;13;19/12/2016 07:50;Strada Urbana;VIA GALLI DELLA MANTICA;in prossimità;;del civico n.;28;;Veicolo in marcia contro ostacolo accidentale;Rettilineo;Una carreggiata a senso unico di marcia;Asciutto;Asfaltata;Verticale;Nuvoloso;Scarso;Buona;Ore Diurne;0;0;0;3;12,2877;41,73391;-1;1;Autovettura privata;In marcia / fermata / arresto;Passeggero;F;Illeso;0;;Non accertato;Inesploso
3104526;9;20/12/2016 12:10;Strada Urbana;VIA ALLUMIERE;in corrispondenza;;del civico n.;67;;Tamponamento;Rettilineo;Una carreggiata a senso unico di marcia;Asciutto;Asfaltata;Verticale ed orizzontale;Nuvoloso;Scarso;Buona;Ore Diurne;0;0;0;2;12,53394;41,86554;-1;1;Autocarro inferiore 35 q.;In marcia / fermata / arresto;Conducente;M;Illeso;0;;Non accertato;Inesploso
3104526;9;20/12/2016 12:10;Strada Urbana;VIA ALLUMIERE;in corrispondenza;;del civico n.;67;;Tamponamento;Rettilineo;Una carreggiata a senso unico di marcia;Asciutto;Asfaltata;Verticale ed orizzontale;Nuvoloso;Scarso;Buona;Ore Diurne;0;0;0;2;12,53394;41,86554;-1;2;Autovettura privata;In marcia / fermata / arresto;Conducente;M;Illeso;0;;Non accertato;Inesploso
3104529;12;18/12/2016 21:15;Strada Urbana;VIA CRISTOFORO COLOMBO;da specificare;;;;direzione GRA carregg. laterale alt. civ. 494;Scontro laterale fra veicoli in marcia;Rettilineo;Più di due carreggiate;Asciutto;Asfaltata;Verticale ed orizzontale;Sereno;Normale;Buona;Sufficiente;1;0;0;8;12,47361;41,83835;-1;1;Autovettura privata;In marcia / fermata / arresto;Conducente;M;Illeso;0;;Non accertato;Inesploso
3104529;12;18/12/2016 21:15;Strada Urbana;VIA CRISTOFORO COLOMBO;da specificare;;;;direzione GRA carregg. laterale alt. civ. 494;Scontro laterale fra veicoli in marcia;Rettilineo;Più di due carreggiate;Asciutto;Asfaltata;Verticale ed orizzontale;Sereno;Normale;Buona;Sufficiente;1;0;0;8;12,47361;41,83835;-1;1;Autovettura privata;In marcia / fermata / arresto;Passeggero;F;Illeso;0;;Utilizzato;Inesploso
3104529;12;18/12/2016 21:15;Strada Urbana;VIA CRISTOFORO COLOMBO;da specificare;;;;direzione GRA carregg. laterale alt. civ. 494;Scontro laterale fra veicoli in marcia;Rettilineo;Più di due carreggiate;Asciutto;Asfaltata;Verticale ed orizzontale;Sereno;Normale;Buona;Sufficiente;1;0;0;8;12,47361;41,83835;-1;2;Motociclo a solo;In marcia / fermata / arresto;Conducente;M;Ricoverato;0;NON DECEDUTO;Utilizzato;
3104529;12;18/12/2016 21:15;Strada Urbana;VIA CRISTOFORO COLOMBO;da specificare;;;;direzione GRA carregg. laterale alt. civ. 494;Scontro laterale fra veicoli in marcia;Rettilineo;Più di due carreggiate;Asciutto;Asfaltata;Verticale ed orizzontale;Sereno;Normale;Buona;Sufficiente;1;0;0;8;12,47361;41,83835;-1;3;Autovettura privata;In marcia / fermata / arresto;Conducente;M;Illeso;0;;Non accertato;Inesploso
3104529;12;18/12/2016 21:15;Strada Urbana;VIA CRISTOFORO COLOMBO;da specificare;;;;direzione GRA carregg. laterale alt. civ. 494;Scontro laterale fra veicoli in marcia;Rettilineo;Più di due carreggiate;Asciutto;Asfaltata;Verticale ed orizzontale;Sereno;Normale;Buona;Sufficiente;1;0;0;8;12,47361;41,83835;-1;4;Autovettura privata;In marcia / fermata / arresto;Conducente;F;Illeso;0;;Non accertato;Inesploso
3104529;12;18/12/2016 21:15;Strada Urbana;VIA CRISTOFORO COLOMBO;da specificare;;;;direzione GRA carregg. laterale alt. civ. 494;Scontro laterale fra veicoli in marcia;Rettilineo;Più di due carreggiate;Asciutto;Asfaltata;Verticale ed orizzontale;Sereno;Normale;Buona;Sufficiente;1;0;0;8;12,47361;41,83835;-1;4;Autovettura privata;In marcia / fermata / arresto;Passeggero;F;Illeso;0;;Non accertato;Inesploso
3104529;12;18/12/2016 21:15;Strada Urbana;VIA CRISTOFORO COLOMBO;da specificare;;;;direzione GRA carregg. laterale alt. civ. 494;Scontro laterale fra veicoli in marcia;Rettilineo;Più di due carreggiate;Asciutto;Asfaltata;Verticale ed orizzontale;Sereno;Normale;Buona;Sufficiente;1;0;0;8;12,47361;41,83835;-1;4;Autovettura privata;In marcia / fermata / arresto;Passeggero;M;Illeso;0;;Non accertato;Inesploso
3104529;12;18/12/2016 21:15;Strada Urbana;VIA CRISTOFORO COLOMBO;da specificare;;;;direzione GRA carregg. laterale alt. civ. 494;Scontro laterale fra veicoli in marcia;Rettilineo;Più di due carreggiate;Asciutto;Asfaltata;Verticale ed orizzontale;Sereno;Normale;Buona;Sufficiente;1;0;0;8;12,47361;41,83835;-1;4;Autovettura privata;In marcia / fermata / arresto;Passeggero;F;Illeso;0;;Non accertato;Inesploso
3104535;20;19/12/2016 09:20;Strada Urbana;VIALE ANTONINO DI SAN GIULIANO;all'intersezione semaforizzata con;PIAZZALE DELLA FARNESINA;PIAZZALE DELLA FARNESINA;;;Infortunio per caduta del veicolo;Incrocio;Due carreggiate;Asciutto;Asfaltata;Verticale ed orizzontale;Sereno;Normale;Buona;Ore Diurne;1;0;0;1;12,46094;41,93671;-1;1;Autovettura privata;In marcia / fermata / arresto;Conducente;M;Illeso;0;;Non accertato;Inesploso
3104535;20;19/12/2016 09:20;Strada Urbana;VIALE ANTONINO DI SAN GIULIANO;all'intersezione semaforizzata con;PIAZZALE DELLA FARNESINA;PIAZZALE DELLA FARNESINA;;;Infortunio per caduta del veicolo;Incrocio;Due carreggiate;Asciutto;Asfaltata;Verticale ed orizzontale;Sereno;Normale;Buona;Ore Diurne;1;0;0;1;12,46094;41,93671;-1;2;Motociclo a solo;In marcia / fermata / arresto;Conducente;M;Rimandato;0;NON DECEDUTO;Non accertato;
3104536;5;19/12/2016 09:00;Strada Urbana;VIA TIBURTINA;da specificare;;;;direzione centro subito oltre il Ponte G.R.A.;Scontro laterale fra veicoli in marcia;Rettilineo;Una carreggiata a doppio senso;Asciutto;Asfaltata;Orizzontale;Sereno;Normale;Buona;Ore Diurne;0;0;0;2;12,60035;41,93313;-1;1;Autoarticolato;In marcia / fermata / arresto;Conducente;M;Illeso;0;;Non accertato;Inesploso
3104536;5;19/12/2016 09:00;Strada Urbana;VIA TIBURTINA;da specificare;;;;direzione centro subito oltre il Ponte G.R.A.;Scontro laterale fra veicoli in marcia;Rettilineo;Una carreggiata a doppio senso;Asciutto;Asfaltata;Orizzontale;Sereno;Normale;Buona;Ore Diurne;0;0;0;2;12,60035;41,93313;-1;2;Autovettura privata;In marcia / fermata / arresto;Conducente;F;Illeso;0;;Non accertato;Inesploso
3104537;11;19/12/2016 15:45;Strada Urbana;VIA DEL PORTO FLUVIALE;in corrispondenza;;del civico n.;38;;Tamponamento;Rettilineo;Una carreggiata a doppio senso;Bagnato (pioggia);Asfaltata;Verticale ed orizzontale;Nuvoloso;Normale;Buona;Ore Diurne;0;0;0;1;12,47292;41,87227;-1;1;Autovettura privata;In marcia / fermata / arresto;Conducente;M;Illeso;0;;Non accertato;
3104546;13;19/12/2016 08:00;Strada Urbana;VIA MASSIMENO;in corrispondenza;;del civico n.;70;;Veicolo in marcia contro veicolo fermo;Rettilineo;Una carreggiata a doppio senso;Asciutto;Asfaltata;Orizzontale;Nuvoloso;Scarso;Buona;Ore Diurne;0;0;0;4;12,35846;41,72921;-1;1;Autovettura privata;In marcia / fermata / arresto;Conducente;F;Illeso;0;;Non accertato;Inesploso
3104546;13;19/12/2016 08:00;Strada Urbana;VIA MASSIMENO;in corrispondenza;;del civico n.;70;;Veicolo in marcia contro veicolo fermo;Rettilineo;Una carreggiata a doppio senso;Asciutto;Asfaltata;Orizzontale;Nuvoloso;Scarso;Buona;Ore Diurne;0;0;0;4;12,35846;41,72921;-1;1;Autovettura privata;In marcia / fermata / arresto;Passeggero;M;Illeso;0;;Non accertato;Inesploso
3104546;13;19/12/2016 08:00;Strada Urbana;VIA MASSIMENO;in corrispondenza;;del civico n.;70;;Veicolo in marcia contro veicolo fermo;Rettilineo;Una carreggiata a doppio senso;Asciutto;Asfaltata;Orizzontale;Nuvoloso;Scarso;Buona;Ore Diurne;0;0;0;4;12,35846;41,72921;-1;2;Autocarro inferiore 35 q.;In marcia / fermata / arresto;Conducente;M;Illeso;0;;Non accertato;Inesploso
3104546;13;19/12/2016 08:00;Strada Urbana;VIA MASSIMENO;in corrispondenza;;del civico n.;70;;Veicolo in marcia contro veicolo fermo;Rettilineo;Una carreggiata a doppio senso;Asciutto;Asfaltata;Orizzontale;Nuvoloso;Scarso;Buona;Ore Diurne;0;0;0;4;12,35846;41,72921;-1;2;Autocarro inferiore 35 q.;In marcia / fermata / arresto;Passeggero;M;Illeso;0;;Non accertato;Inesploso
3104551;16;17/12/2016 00:10;Strada Urbana;VIA DI BRAVETTA;in corrispondenza;;del civico n.;72;;Veicolo in marcia contro ostacolo fisso;Rettilineo;Una carreggiata a doppio senso;Asciutto;Asfaltata;Orizzontale;Sereno;Scarso;Buona;Sufficiente;2;0;0;0;12,42245;41,88571;-1;1;Autovettura privata;In marcia / fermata / arresto;Conducente;M;Rimandato;0;NON DECEDUTO;Non accertato;Inesploso
3104551;16;17/12/2016 00:10;Strada Urbana;VIA DI BRAVETTA;in corrispondenza;;del civico n.;72;;Veicolo in marcia contro ostacolo fisso;Rettilineo;Una carreggiata a doppio senso;Asciutto;Asfaltata;Orizzontale;Sereno;Scarso;Buona;Sufficiente;2;0;0;0;12,42245;41,88571;-1;1;Autovettura privata;In marcia / fermata / arresto;Passeggero;F;Rimandato;0;NON DECEDUTO;Non accertato;Esploso
3104557;20;20/12/2016 07:00;Regionale entro l'abitato;VIA CASSIA;in corrispondenza;;del civico n.;110;;Infortunio per caduta del veicolo;Rettilineo;Una carreggiata a senso unico di marcia;Bagnato (pioggia);Asfaltata;Verticale ed orizzontale;Pioggia in atto;Scarso;Buona;Ore Diurne;1;0;0;0;12,46487;41,94367;-1;1;Motociclo a solo;In marcia / fermata / arresto;Conducente;M;Rimandato;0;NON DECEDUTO;Non accertato;
3104568;11;19/12/2016 09:30;Strada Urbana;VIA APPIA ANTICA;in prossimità;;del civico n.;18;;Scontro frontale/laterale SX fra veicoli in marcia;Rettilineo;Una carreggiata a doppio senso;Asciutto;In cubetti di porfido;Orizzontale;Nuvoloso;Scarso;Buona;Ore Diurne;1;0;0;2;12,50211;41,86986;-1;1;Autovettura privata;In marcia / fermata / arresto;Conducente;M;Illeso;0;;;
3104568;11;19/12/2016 09:30;Strada Urbana;VIA APPIA ANTICA;in prossimità;;del civico n.;18;;Scontro frontale/laterale SX fra veicoli in marcia;Rettilineo;Una carreggiata a doppio senso;Asciutto;In cubetti di porfido;Orizzontale;Nuvoloso;Scarso;Buona;Ore Diurne;1;0;0;2;12,50211;41,86986;-1;1;Autovettura privata;In marcia / fermata / arresto;Passeggero;M;Illeso;0;;;
3104568;11;19/12/2016 09:30;Strada Urbana;VIA APPIA ANTICA;in prossimità;;del civico n.;18;;Scontro frontale/laterale SX fra veicoli in marcia;Rettilineo;Una carreggiata a doppio senso;Asciutto;In cubetti di porfido;Orizzontale;Nuvoloso;Scarso;Buona;Ore Diurne;1;0;0;2;12,50211;41,86986;-1;2;Motociclo a solo;In marcia / fermata / arresto;Conducente;M;Rimandato;0;NON DECEDUTO;;
3104570;11;19/12/2016 14:50;Strada Urbana;VIA NICOLA SPEDALIERI;in corrispondenza;;del civico n.;23;;Veicolo in marcia contro veicolo in sosta;Rettilineo;Una carreggiata a senso unico di marcia;Asciutto;Asfaltata;Verticale ed orizzontale;Nuvoloso;Normale;Buona;Ore Diurne;0;0;0;1;12,48263;41,8426;-1;1;Autovettura privata;In marcia / fermata / arresto;Conducente;F;Illeso;0;;Non accertato;
3104579;5;19/12/2016 10:45;Strada Urbana;VIA AFFILE;all'intersezione con;VIA CERCHIARA;VIA CERCHIARA;;;Scontro frontale/laterale DX fra veicoli in marcia;Incrocio;Una carreggiata a doppio senso;Asciutto;Asfaltata;Verticale;Nuvoloso;Normale;Buona;Ore Diurne;0;0;0;2;12,61558;41,9328;-1;1;Autovettura privata;In marcia / fermata / arresto;Conducente;M;Illeso;0;;Non accertato;Inesploso
3104579;5;19/12/2016 10:45;Strada Urbana;VIA AFFILE;all'intersezione con;VIA CERCHIARA;VIA CERCHIARA;;;Scontro frontale/laterale DX fra veicoli in marcia;Incrocio;Una carreggiata a doppio senso;Asciutto;Asfaltata;Verticale;Nuvoloso;Normale;Buona;Ore Diurne;0;0;0;2;12,61558;41,9328;-1;2;Macchina operatrice;In marcia / fermata / arresto;Conducente;M;Illeso;0;;Non accertato;Inesploso
3104581;20;19/12/2016 17:05;Regionale entro l'abitato;VIA CASSIA;in corrispondenza;;del civico n.;849;;Investimento di pedone;Rettilineo;Una carreggiata a doppio senso;Asciutto;Asfaltata;Orizzontale;Nebbia;Normale;Buona;Sufficiente;1;0;0;1;12,43777;41,96861;-1;;;;Pedone;F;Rimandato;0;NON DECEDUTO;;
3104581;20;19/12/2016 17:05;Regionale entro l'abitato;VIA CASSIA;in corrispondenza;;del civico n.;849;;Investimento di pedone;Rettilineo;Una carreggiata a doppio senso;Asciutto;Asfaltata;Orizzontale;Nebbia;Normale;Buona;Sufficiente;1;0;0;1;12,43777;41,96861;-1;1;Autovettura privata;In marcia / fermata / arresto;Conducente;M;Illeso;0;;Non accertato;Inesploso
3104582;19;19/12/2016 08:30;Strada Urbana;VIA FRANCESCO MARCONI;all'intersezione con;VIA DELLA PINETA SACCHETTI;VIA DELLA PINETA SACCHETTI;;;Scontro laterale fra veicoli in marcia;Intersezione semaforizzata;Una carreggiata a senso unico di marcia;Asciutto;Asfaltata;Verticale ed orizzontale;Sereno;Normale;Buona;Ore Diurne;0;0;0;2;12,42457;41,92364;-1;1;Motociclo a solo;In marcia / fermata / arresto;Conducente;M;Illeso;0;;Non accertato;
3104582;19;19/12/2016 08:30;Strada Urbana;VIA FRANCESCO MARCONI;all'intersezione con;VIA DELLA PINETA SACCHETTI;VIA DELLA PINETA SACCHETTI;;;Scontro laterale fra veicoli in marcia;Intersezione semaforizzata;Una carreggiata a senso unico di marcia;Asciutto;Asfaltata;Verticale ed orizzontale;Sereno;Normale;Buona;Ore Diurne;0;0;0;2;12,42457;41,92364;-1;2;Motociclo a solo;In marcia / fermata / arresto;Conducente;F;Illeso;0;;Non accertato;
3104591;19;20/12/2016 00:45;Strada Urbana;VIA FERDINANDO GALIANI;all'intersezione con;VIA DI VILLA SEVERINI;VIA DI VILLA SEVERINI;;;Scontro frontale/laterale SX fra veicoli in marcia;Incrocio;Una carreggiata a senso unico di marcia;Bagnato (pioggia);Asfaltata;Verticale;Sereno;Scarso;Buona;Sufficiente;1;0;0;1;12,47055;41,94767;-1;1;Autovettura privata;In marcia / fermata / arresto;Conducente;M;Illeso;0;;Non accertato;Inesploso
3104591;19;20/12/2016 00:45;Strada Urbana;VIA FERDINANDO GALIANI;all'intersezione con;VIA DI VILLA SEVERINI;VIA DI VILLA SEVERINI;;;Scontro frontale/laterale SX fra veicoli in marcia;Incrocio;Una carreggiata a senso unico di marcia;Bagnato (pioggia);Asfaltata;Verticale;Sereno;Scarso;Buona;Sufficiente;1;0;0;1;12,47055;41,94767;-1;2;Motociclo a solo;In marcia / fermata / arresto;Conducente;M;Rimandato;0;NON DECEDUTO;Non accertato;
3104593;5;19/12/2016 09:20;Strada Urbana;VIA ZOE FONTANA;all'intersezione con;VIA MONTE FLAVIO;VIA MONTE FLAVIO;;;Scontro frontale/laterale DX fra veicoli in marcia;Incrocio;Una carreggiata a doppio senso;Asciutto;Asfaltata;Verticale ed orizzontale;Sereno;Scarso;Buona;Ore Diurne;1;0;0;2;12,60907;41,931;-1;1;Motociclo con passeggero;In marcia / fermata / arresto;Conducente;M;Illeso;0;;Non accertato;
3104593;5;19/12/2016 09:20;Strada Urbana;VIA ZOE FONTANA;all'intersezione con;VIA MONTE FLAVIO;VIA MONTE FLAVIO;;;Scontro frontale/laterale DX fra veicoli in marcia;Incrocio;Una carreggiata a doppio senso;Asciutto;Asfaltata;Verticale ed orizzontale;Sereno;Scarso;Buona;Ore Diurne;1;0;0;2;12,60907;41,931;-1;1;Motociclo con passeggero;In marcia / fermata / arresto;Passeggero;F;Rimandato;0;NON DECEDUTO;Non accertato;
3104593;5;19/12/2016 09:20;Strada Urbana;VIA ZOE FONTANA;all'intersezione con;VIA MONTE FLAVIO;VIA MONTE FLAVIO;;;Scontro frontale/laterale DX fra veicoli in marcia;Incrocio;Una carreggiata a doppio senso;Asciutto;Asfaltata;Verticale ed orizzontale;Sereno;Scarso;Buona;Ore Diurne;1;0;0;2;12,60907;41,931;-1;2;Autovettura privata;In marcia / fermata / arresto;Conducente;F;Illeso;0;;Non accertato;
3104599;16;17/12/2016 09:40;Strada Urbana;VIA DI BRAVETTA;in prossimità;;del civico n.;195;;Scontro frontale fra veicoli in marcia;Rettilineo;Una carreggiata a doppio senso;Asciutto;Asfaltata;Verticale ed orizzontale;Sereno;Normale;Buona;Ore Diurne;0;0;0;2;12,42475;41,88288;-1;1;Autovettura privata;In marcia / fermata / arresto;Conducente;M;Illeso;0;;Non accertato;
3104599;16;17/12/2016 09:40;Strada Urbana;VIA DI BRAVETTA;in prossimità;;del civico n.;195;;Scontro frontale fra veicoli in marcia;Rettilineo;Una carreggiata a doppio senso;Asciutto;Asfaltata;Verticale ed orizzontale;Sereno;Normale;Buona;Ore Diurne;0;0;0;2;12,42475;41,88288;-1;2;Autovettura privata;In marcia / fermata / arresto;Conducente;M;Illeso;0;;Non accertato;
3104601;19;19/12/2016 19:30;Provinciale entro l'abitato;VIA BRACCIANENSE NUOVA;in prossimità;;della chilometrica;0.48;;Fuoriuscita dalla sede stradale;Curva senza visuale libera;Una carreggiata a doppio senso;Asciutto;Asfaltata;Assente;Sereno;Scarso;Sufficiente;Inesistente;1;0;0;0;12,31119;42,03651;-1;1;Autovettura privata;In marcia / fermata / arresto;Conducente;M;Rimandato;0;NON DECEDUTO;Non accertato;
3104613;19;19/12/2016 13:45;Strada Urbana;VIA DELLA STAZIONE DI OTTAVIA;all'intersezione con;VIA IPOGEO DEGLI OTTAVI;VIA IPOGEO DEGLI OTTAVI;;;Scontro frontale fra veicoli in marcia;Incrocio;Una carreggiata a doppio senso;Asciutto;Asfaltata;Verticale ed orizzontale;Nuvoloso;Normale;Buona;Ore Diurne;1;0;0;1;12,40511;41,96375;-1;1;Autovettura privata;In marcia / fermata / arresto;Conducente;M;Illeso;0;;;
3104613;19;19/12/2016 13:45;Strada Urbana;VIA DELLA STAZIONE DI OTTAVIA;all'intersezione con;VIA IPOGEO DEGLI OTTAVI;VIA IPOGEO DEGLI OTTAVI;;;Scontro frontale fra veicoli in marcia;Incrocio;Una carreggiata a doppio senso;Asciutto;Asfaltata;Verticale ed orizzontale;Nuvoloso;Normale;Buona;Ore Diurne;1;0;0;1;12,40511;41,96375;-1;2;Velocipede;In marcia / fermata / arresto;Conducente;M;Rimandato;0;NON DECEDUTO;Esente;
3104618;13;19/12/2016 21:40;Strada Urbana;VIA FEDERICO PAOLINI;all'intersezione con;VIA LUIGI TONTA;VIA LUIGI TONTA;;;Scontro laterale fra veicoli in marcia;Incrocio;Una carreggiata a senso unico di marcia;Bagnato (pioggia);Asfaltata;Verticale ed orizzontale;Sereno;Scarso;Buona;Sufficiente;0;0;0;3;12,28929;41,73502;-1;1;Autovettura privata;In marcia / fermata / arresto;Conducente;M;Illeso;0;;;
3104618;13;19/12/2016 21:40;Strada Urbana;VIA FEDERICO PAOLINI;all'intersezione con;VIA LUIGI TONTA;VIA LUIGI TONTA;;;Scontro laterale fra veicoli in marcia;Incrocio;Una carreggiata a senso unico di marcia;Bagnato (pioggia);Asfaltata;Verticale ed orizzontale;Sereno;Scarso;Buona;Sufficiente;0;0;0;3;12,28929;41,73502;-1;2;Autovettura privata;In marcia / fermata / arresto;Conducente;M;Illeso;0;;;
3104618;13;19/12/2016 21:40;Strada Urbana;VIA FEDERICO PAOLINI;all'intersezione con;VIA LUIGI TONTA;VIA LUIGI TONTA;;;Scontro laterale fra veicoli in marcia;Incrocio;Una carreggiata a senso unico di marcia;Bagnato (pioggia);Asfaltata;Verticale ed orizzontale;Sereno;Scarso;Buona;Sufficiente;0;0;0;3;12,28929;41,73502;-1;2;Autovettura privata;In marcia / fermata / arresto;Passeggero;M;Illeso;0;;;
3104637;19;19/12/2016 15:50;Strada Urbana;VIA PASQUALE II;in prossimità;;del civico n.;171;;Tamponamento Multiplo;Rettilineo;Una carreggiata a doppio senso;Bagnato (pioggia);Asfaltata;Orizzontale;Pioggia in atto;Normale;Buona;Ore Diurne;0;0;0;6;12,40982;41,91047;-1;1;Autovettura privata;In marcia / fermata / arresto;Conducente;M;Illeso;0;;;
3104637;19;19/12/2016 15:50;Strada Urbana;VIA PASQUALE II;in prossimità;;del civico n.;171;;Tamponamento Multiplo;Rettilineo;Una carreggiata a doppio senso;Bagnato (pioggia);Asfaltata;Orizzontale;Pioggia in atto;Normale;Buona;Ore Diurne;0;0;0;6;12,40982;41,91047;-1;2;Autovettura privata;In marcia / fermata / arresto;Conducente;M;Illeso;0;;;
3104637;19;19/12/2016 15:50;Strada Urbana;VIA PASQUALE II;in prossimità;;del civico n.;171;;Tamponamento Multiplo;Rettilineo;Una carreggiata a doppio senso;Bagnato (pioggia);Asfaltata;Orizzontale;Pioggia in atto;Normale;Buona;Ore Diurne;0;0;0;6;12,40982;41,91047;-1;2;Autovettura privata;In marcia / fermata / arresto;Passeggero;M;Illeso;0;;Non accertato;
3104637;19;19/12/2016 15:50;Strada Urbana;VIA PASQUALE II;in prossimità;;del civico n.;171;;Tamponamento Multiplo;Rettilineo;Una carreggiata a doppio senso;Bagnato (pioggia);Asfaltata;Orizzontale;Pioggia in atto;Normale;Buona;Ore Diurne;0;0;0;6;12,40982;41,91047;-1;2;Autovettura privata;In marcia / fermata / arresto;Passeggero;F;Illeso;0;;Non accertato;
3104637;19;19/12/2016 15:50;Strada Urbana;VIA PASQUALE II;in prossimità;;del civico n.;171;;Tamponamento Multiplo;Rettilineo;Una carreggiata a doppio senso;Bagnato (pioggia);Asfaltata;Orizzontale;Pioggia in atto;Normale;Buona;Ore Diurne;0;0;0;6;12,40982;41,91047;-1;3;Autovettura privata;In marcia / fermata / arresto;Conducente;M;Illeso;0;;;
3104637;19;19/12/2016 15:50;Strada Urbana;VIA PASQUALE II;in prossimità;;del civico n.;171;;Tamponamento Multiplo;Rettilineo;Una carreggiata a doppio senso;Bagnato (pioggia);Asfaltata;Orizzontale;Pioggia in atto;Normale;Buona;Ore Diurne;0;0;0;6;12,40982;41,91047;-1;3;Autovettura privata;In marcia / fermata / arresto;Passeggero;F;Illeso;0;;;
3104640;20;19/12/2016 12:10;Strada Urbana;PIAZZALE DI PONTE MILVIO;da specificare;;;;Prossimità V.le Tor di Quinto;Veicolo in marcia contro veicolo in sosta;Rettilineo;Una carreggiata a senso unico di marcia;Asciutto;Asfaltata;Verticale ed orizzontale;Nuvoloso;Normale;Buona;Ore Diurne;0;0;0;2;12,4662;41,93671;-1;1;Autovettura privata;Sosta;Passeggero;M;Illeso;0;;;
3104640;20;19/12/2016 12:10;Strada Urbana;PIAZZALE DI PONTE MILVIO;da specificare;;;;Prossimità V.le Tor di Quinto;Veicolo in marcia contro veicolo in sosta;Rettilineo;Una carreggiata a senso unico di marcia;Asciutto;Asfaltata;Verticale ed orizzontale;Nuvoloso;Normale;Buona;Ore Diurne;0;0;0;2;12,4662;41,93671;-1;2;Autovettura privata;In marcia / fermata / arresto;Conducente;M;Illeso;0;;;
3104647;7;19/12/2016 08:40;Strada Urbana;VIA CASTORE DURANTE;in corrispondenza;;del civico n.;71;;Scontro frontale/laterale DX fra veicoli in marcia;Rettilineo;Una carreggiata a doppio senso;Asciutto;Asfaltata;Verticale ed orizzontale;Sereno;Scarso;Buona;Ore Diurne;0;0;0;4;12,57135;41,89189;-1;1;Autovettura privata;In marcia / fermata / arresto;Conducente;M;Illeso;0;;Non accertato;Inesploso