Protocollo;Gruppo;DataOraIncidente;Localizzazione1;STRADA1;Localizzazione2;STRADA2;Strada02;Chilometrica;DaSpecificare;NaturaIncidente;particolaritastrade;TipoStrada;FondoStradale;Pavimentazione;Segnaletica;CondizioneAtmosferica;Traffico;Visibilita;Illuminazione;NUM_FERITI;NUM_RISERVATA;NUM_MORTI;NUM_ILLESI;Longitudine;Latitudine;Confermato;Progressivo;TipoVeicolo;StatoVeicolo;TipoPersona;Sesso;Tipolesione;Deceduto;DecedutoDopo;CinturaCascoUtilizzato;Airbag
3105051;2;19/12/2016 17:00;Strada Urbana;CORSO TRIESTE;all'intersezione con;VIA TOPINO;VIA TOPINO;;;Scontro laterale fra veicoli in marcia;Intersezione stradale segnalata;Due carreggiate;Bagnato (pioggia);Asfaltata;Verticale ed orizzontale;Pioggia in atto;Intenso;Sufficiente;Sufficiente;1;0;0;2;12,51023;41,92129;-1;1;Autovettura privata;In marcia / fermata / arresto;Conducente;F;Illeso;0;;Non accertato;Inesploso
3105051;2;19/12/2016 17:00;Strada Urbana;CORSO TRIESTE;all'intersezione con;VIA TOPINO;VIA TOPINO;;;Scontro laterale fra veicoli in marcia;Intersezione stradale segnalata;Due carreggiate;Bagnato (pioggia);Asfaltata;Verticale ed orizzontale;Pioggia in atto;Intenso;Sufficiente;Sufficiente;1;0;0;2;12,51023;41,92129;-1;1;Autovettura privata;In marcia / fermata / arresto;Passeggero;F;Illeso;0;;Non accertato;Inesploso
3105051;2;19/12/2016 17:00;Strada Urbana;CORSO TRIESTE;all'intersezione con;VIA TOPINO;VIA TOPINO;;;Scontro laterale fra veicoli in marcia;Intersezione stradale segnalata;Due carreggiate;Bagnato (pioggia);Asfaltata;Verticale ed orizzontale;Pioggia in atto;Intenso;Sufficiente;Sufficiente;1;0;0;2;12,51023;41,92129;-1;2;Motociclo a solo;In marcia / fermata / arresto;Conducente;M;Rimandato;0;NON DECEDUTO;;
3105056;17;19/12/2016 17:05;Strada Urbana;VIA COLA DI RIENZO;in prossimità;;del civico n.;84;;Scontro laterale fra veicoli in marcia;Rettilineo;Una carreggiata a doppio senso;Bagnato (pioggia);In cubetti di porfido;Verticale ed orizzontale;Pioggia in atto;Intenso;Sufficiente;Sufficiente;0;0;0;4;12,46776;41,90832;-1;1;Quadriciclo leggero;In marcia / fermata / arresto;Conducente;M;Illeso;0;;;
3105056;17;19/12/2016 17:05;Strada Urbana;VIA COLA DI RIENZO;in prossimità;;del civico n.;84;;Scontro laterale fra veicoli in marcia;Rettilineo;Una carreggiata a doppio senso;Bagnato (pioggia);In cubetti di porfido;Verticale ed orizzontale;Pioggia in atto;Intenso;Sufficiente;Sufficiente;0;0;0;4;12,46776;41,90832;-1;1;Quadriciclo leggero;In marcia / fermata / arresto;Passeggero;M;Illeso;0;;;
3105056;17;19/12/2016 17:05;Strada Urbana;VIA COLA DI RIENZO;in prossimità;;del civico n.;84;;Scontro laterale fra veicoli in marcia;Rettilineo;Una carreggiata a doppio senso;Bagnato (pioggia);In cubetti di porfido;Verticale ed orizzontale;Pioggia in atto;Intenso;Sufficiente;Sufficiente;0;0;0;4;12,46776;41,90832;-1;2;Autovettura privata;In marcia / fermata / arresto;Conducente;F;Illeso;0;;;
3105056;17;19/12/2016 17:05;Strada Urbana;VIA COLA DI RIENZO;in prossimità;;del civico n.;84;;Scontro laterale fra veicoli in marcia;Rettilineo;Una carreggiata a doppio senso;Bagnato (pioggia);In cubetti di porfido;Verticale ed orizzontale;Pioggia in atto;Intenso;Sufficiente;Sufficiente;0;0;0;4;12,46776;41,90832;-1;2;Autovettura privata;In marcia / fermata / arresto;Passeggero;F;Illeso;0;;;
3105067;9;20/12/2016 11:45;Strada Urbana;VIA DELLE CAVE;da specificare;;;;prossimità civico 150;Tamponamento;Rettilineo;Due carreggiate;Asciutto;Asfaltata;Verticale ed orizzontale;Nuvoloso;Normale;Buona;Ore Diurne;0;0;0;2;12,53304;41,87181;-1;1;Autovettura privata;In marcia / fermata / arresto;Conducente;M;Illeso;0;;Non accertato;Inesploso
3105067;9;20/12/2016 11:45;Strada Urbana;VIA DELLE CAVE;da specificare;;;;prossimità civico 150;Tamponamento;Rettilineo;Due carreggiate;Asciutto;Asfaltata;Verticale ed orizzontale;Nuvoloso;Normale;Buona;Ore Diurne;0;0;0;2;12,53304;41,87181;-1;2;Autovettura privata;In marcia / fermata / arresto;Conducente;M;Illeso;0;;Non accertato;Inesploso
3105069;2;19/12/2016 09:25;Strada Urbana;PIAZZA GONDAR;all'intersezione semaforizzata con;VIA DELLE VALLI;VIA DELLE VALLI;;;Scontro laterale fra veicoli in marcia;Intersezione semaforizzata;Una carreggiata a doppio senso;Asciutto;Asfaltata;Verticale ed orizzontale;Nuvoloso;Normale;Buona;Ore Diurne;0;0;0;3;12,52108;41,93323;-1;1;Autovettura privata;In marcia / fermata / arresto;Conducente;M;Illeso;0;;Non accertato;Inesploso
3105069;2;19/12/2016 09:25;Strada Urbana;PIAZZA GONDAR;all'intersezione semaforizzata con;VIA DELLE VALLI;VIA DELLE VALLI;;;Scontro laterale fra veicoli in marcia;Intersezione semaforizzata;Una carreggiata a doppio senso;Asciutto;Asfaltata;Verticale ed orizzontale;Nuvoloso;Normale;Buona;Ore Diurne;0;0;0;3;12,52108;41,93323;-1;2;Autovettura privata;In marcia / fermata / arresto;Conducente;M;Illeso;0;;Non accertato;Inesploso
3105069;2;19/12/2016 09:25;Strada Urbana;PIAZZA GONDAR;all'intersezione semaforizzata con;VIA DELLE VALLI;VIA DELLE VALLI;;;Scontro laterale fra veicoli in marcia;Intersezione semaforizzata;Una carreggiata a doppio senso;Asciutto;Asfaltata;Verticale ed orizzontale;Nuvoloso;Normale;Buona;Ore Diurne;0;0;0;3;12,52108;41,93323;-1;2;Autovettura privata;In marcia / fermata / arresto;Passeggero;M;Illeso;0;;Non accertato;Inesploso
3105070;17;19/12/2016 18:30;Strada Urbana;VIA POMPEO MAGNO;all'intersezione con;VIA EZIO;VIA EZIO;;;Investimento di pedone;Incrocio;Una carreggiata a senso unico di marcia;Bagnato (pioggia);Asfaltata;Verticale ed orizzontale;Pioggia in atto;Normale;Sufficiente;Sufficiente;1;0;0;1;12,46585;41,90977;-1;;;;Pedone;M;Rimandato;0;NON DECEDUTO;;
3105070;17;19/12/2016 18:30;Strada Urbana;VIA POMPEO MAGNO;all'intersezione con;VIA EZIO;VIA EZIO;;;Investimento di pedone;Incrocio;Una carreggiata a senso unico di marcia;Bagnato (pioggia);Asfaltata;Verticale ed orizzontale;Pioggia in atto;Normale;Sufficiente;Sufficiente;1;0;0;1;12,46585;41,90977;-1;1;Autovettura privata;In marcia / fermata / arresto;Conducente;M;Illeso;0;;Non accertato;Inesploso
3105072;2;19/12/2016 14:20;Strada Urbana;VIA DOMENICO ALBERTO AZUNI;all'intersezione semaforizzata con;VIA EMANUELE GIANTURCO;VIA EMANUELE GIANTURCO;;;Scontro laterale fra veicoli in marcia;Intersezione semaforizzata;Una carreggiata a doppio senso;Asciutto;Asfaltata;Orizzontale;Nuvoloso;Intenso;Buona;Ore Diurne;0;0;0;2;12,47369;41,915;-1;1;Autovettura privata;In marcia / fermata / arresto;Conducente;F;Illeso;0;;Non accertato;Inesploso
3105072;2;19/12/2016 14:20;Strada Urbana;VIA DOMENICO ALBERTO AZUNI;all'intersezione semaforizzata con;VIA EMANUELE GIANTURCO;VIA EMANUELE GIANTURCO;;;Scontro laterale fra veicoli in marcia;Intersezione semaforizzata;Una carreggiata a doppio senso;Asciutto;Asfaltata;Orizzontale;Nuvoloso;Intenso;Buona;Ore Diurne;0;0;0;2;12,47369;41,915;-1;2;Autovettura privata;In marcia / fermata / arresto;Conducente;M;Illeso;0;;Non accertato;Inesploso
3105075;2;19/12/2016 17:30;Strada Urbana;VIA PANAMA;in corrispondenza;;del civico n.;92;;Tamponamento Multiplo;Rettilineo;Una carreggiata a doppio senso;Bagnato (pioggia);Asfaltata;Verticale ed orizzontale;Pioggia in atto;Normale;Buona;Sufficiente;0;0;0;7;12,49896;41,92444;-1;1;Autovettura privata;In marcia / fermata / arresto;Conducente;M;Illeso;0;;Non accertato;Inesploso
3105075;2;19/12/2016 17:30;Strada Urbana;VIA PANAMA;in corrispondenza;;del civico n.;92;;Tamponamento Multiplo;Rettilineo;Una carreggiata a doppio senso;Bagnato (pioggia);Asfaltata;Verticale ed orizzontale;Pioggia in atto;Normale;Buona;Sufficiente;0;0;0;7;12,49896;41,92444;-1;2;Autovettura privata;In marcia / fermata / arresto;Conducente;M;Illeso;0;;Non accertato;Inesploso
3105075;2;19/12/2016 17:30;Strada Urbana;VIA PANAMA;in corrispondenza;;del civico n.;92;;Tamponamento Multiplo;Rettilineo;Una carreggiata a doppio senso;Bagnato (pioggia);Asfaltata;Verticale ed orizzontale;Pioggia in atto;Normale;Buona;Sufficiente;0;0;0;7;12,49896;41,92444;-1;2;Autovettura privata;In marcia / fermata / arresto;Passeggero;M;Illeso;0;;Non accertato;Inesploso
3105075;2;19/12/2016 17:30;Strada Urbana;VIA PANAMA;in corrispondenza;;del civico n.;92;;Tamponamento Multiplo;Rettilineo;Una carreggiata a doppio senso;Bagnato (pioggia);Asfaltata;Verticale ed orizzontale;Pioggia in atto;Normale;Buona;Sufficiente;0;0;0;7;12,49896;41,92444;-1;3;Autovettura privata;In marcia / fermata / arresto;Conducente;M;Illeso;0;;Non accertato;Inesploso
3105075;2;19/12/2016 17:30;Strada Urbana;VIA PANAMA;in corrispondenza;;del civico n.;92;;Tamponamento Multiplo;Rettilineo;Una carreggiata a doppio senso;Bagnato (pioggia);Asfaltata;Verticale ed orizzontale;Pioggia in atto;Normale;Buona;Sufficiente;0;0;0;7;12,49896;41,92444;-1;4;Autovettura privata;In marcia / fermata / arresto;Conducente;M;Illeso;0;;Non accertato;Inesploso
3105075;2;19/12/2016 17:30;Strada Urbana;VIA PANAMA;in corrispondenza;;del civico n.;92;;Tamponamento Multiplo;Rettilineo;Una carreggiata a doppio senso;Bagnato (pioggia);Asfaltata;Verticale ed orizzontale;Pioggia in atto;Normale;Buona;Sufficiente;0;0;0;7;12,49896;41,92444;-1;4;Autovettura privata;In marcia / fermata / arresto;Passeggero;F;Illeso;0;;Non accertato;Inesploso
3105075;2;19/12/2016 17:30;Strada Urbana;VIA PANAMA;in corrispondenza;;del civico n.;92;;Tamponamento Multiplo;Rettilineo;Una carreggiata a doppio senso;Bagnato (pioggia);Asfaltata;Verticale ed orizzontale;Pioggia in atto;Normale;Buona;Sufficiente;0;0;0;7;12,49896;41,92444;-1;4;Autovettura privata;In marcia / fermata / arresto;Passeggero;F;Illeso;0;;Non accertato;Inesploso
3105078;17;19/12/2016 18:30;Strada Urbana;VIA TRIONFALE;in corrispondenza;;del civico n.;92;;Scontro laterale fra veicoli in marcia;Rettilineo;Una carreggiata a doppio senso;Bagnato (pioggia);Asfaltata;Verticale ed orizzontale;Pioggia in atto;Intenso;Buona;Sufficiente;0;0;0;2;12,45225;41,91288;-1;1;Autovettura privata;In marcia / fermata / arresto;Conducente;F;Illeso;0;;;
3105078;17;19/12/2016 18:30;Strada Urbana;VIA TRIONFALE;in corrispondenza;;del civico n.;92;;Scontro laterale fra veicoli in marcia;Rettilineo;Una carreggiata a doppio senso;Bagnato (pioggia);Asfaltata;Verticale ed orizzontale;Pioggia in atto;Intenso;Buona;Sufficiente;0;0;0;2;12,45225;41,91288;-1;2;Autovettura privata;In marcia / fermata / arresto;Conducente;F;Illeso;0;;;
3105081;2;20/12/2016 01:10;Strada Urbana;VIALE DEL MURO TORTO;da specificare;;;;corrispondenza palo luce 5;Veicolo in marcia contro ostacolo fisso;Rettilineo;Due carreggiate;Bagnato (umidità in atto);Asfaltata;Verticale ed orizzontale;Nuvoloso;Scarso;Buona;Ore Diurne;0;0;0;1;12,4817;41,91073;-1;1;Autovettura privata;In marcia / fermata / arresto;Conducente;M;Illeso;0;;;
3105086;11;20/12/2016 10:30;Strada Urbana;VIA PELLEGRINO MATTEUCCI;da specificare;;;;fronte civico 78;Investimento di pedone;Rettilineo;Una carreggiata a doppio senso;Bagnato (pioggia);Asfaltata;Verticale ed orizzontale;Nuvoloso;Intenso;Buona;Ore Diurne;0;0;1;1;12,48248;41,87198;-1;;;;Pedone;M;Deceduto sul posto;-1;;;
3105086;11;20/12/2016 10:30;Strada Urbana;VIA PELLEGRINO MATTEUCCI;da specificare;;;;fronte civico 78;Investimento di pedone;Rettilineo;Una carreggiata a doppio senso;Bagnato (pioggia);Asfaltata;Verticale ed orizzontale;Nuvoloso;Intenso;Buona;Ore Diurne;0;0;1;1;12,48248;41,87198;-1;1;Autocarro inferiore 35 q.;In marcia / fermata / arresto;Conducente;M;Illeso;0;;Non accertato;Inesistente
3105121;15;20/12/2016 12:00;Strada Urbana;VIA GAETANO FUGGETTA;in prossimità;;del civico n.;67;;Investimento di pedone;Rettilineo;Una carreggiata a senso unico di marcia;Bagnato (umidità in atto);Asfaltata;Assente;Nuvoloso;Scarso;Sufficiente;Ore Diurne;1;0;0;2;12,45277;41,85054;-1;;;;Pedone;F;Rimandato;0;NON DECEDUTO;;
3105121;15;20/12/2016 12:00;Strada Urbana;VIA GAETANO FUGGETTA;in prossimità;;del civico n.;67;;Investimento di pedone;Rettilineo;Una carreggiata a senso unico di marcia;Bagnato (umidità in atto);Asfaltata;Assente;Nuvoloso;Scarso;Sufficiente;Ore Diurne;1;0;0;2;12,45277;41,85054;-1;1;Autocarro inferiore 35 q.;In marcia / fermata / arresto;Conducente;M;Illeso;0;;Non accertato;Inesploso
3105121;15;20/12/2016 12:00;Strada Urbana;VIA GAETANO FUGGETTA;in prossimità;;del civico n.;67;;Investimento di pedone;Rettilineo;Una carreggiata a senso unico di marcia;Bagnato (umidità in atto);Asfaltata;Assente;Nuvoloso;Scarso;Sufficiente;Ore Diurne;1;0;0;2;12,45277;41,85054;-1;1;Autocarro inferiore 35 q.;In marcia / fermata / arresto;Passeggero;M;Illeso;0;;Non accertato;Inesploso
3105122;1;17/12/2016 03:10;Strada Urbana;PIAZZALE BRASILE;da specificare;;;;FRONTE ALBERO N.7;Tamponamento;Rettilineo;Una carreggiata a senso unico di marcia;Asciutto;Asfaltata;Verticale ed orizzontale;Sereno;Scarso;Buona;Sufficiente;0;0;0;3;12,48876;41,90959;-1;1;Autovettura privata;In marcia / fermata / arresto;Conducente;F;Illeso;0;;Non utilizzato;
3105122;1;17/12/2016 03:10;Strada Urbana;PIAZZALE BRASILE;da specificare;;;;FRONTE ALBERO N.7;Tamponamento;Rettilineo;Una carreggiata a senso unico di marcia;Asciutto;Asfaltata;Verticale ed orizzontale;Sereno;Scarso;Buona;Sufficiente;0;0;0;3;12,48876;41,90959;-1;1;Autovettura privata;In marcia / fermata / arresto;Passeggero;F;Illeso;0;;;
3105122;1;17/12/2016 03:10;Strada Urbana;PIAZZALE BRASILE;da specificare;;;;FRONTE ALBERO N.7;Tamponamento;Rettilineo;Una carreggiata a senso unico di marcia;Asciutto;Asfaltata;Verticale ed orizzontale;Sereno;Scarso;Buona;Sufficiente;0;0;0;3;12,48876;41,90959;-1;2;Autovettura privata;In marcia / fermata / arresto;Conducente;M;Illeso;0;;;
3105232;6;20/12/2016 12:45;Strada Urbana;VIA DEI QUINTILI;in corrispondenza;;del civico n.;136;;Veicolo in marcia contro veicolo in sosta;Rettilineo;Una carreggiata a doppio senso;Bagnato (umidità in atto);Asfaltata;Orizzontale;Nuvoloso;Normale;Buona;Ore Diurne;1;0;0;1;12,54627;41,8687;-1;1;Motociclo a solo;In marcia / fermata / arresto;Conducente;M;Rimandato;0;NON DECEDUTO;Non accertato;
3105232;6;20/12/2016 12:45;Strada Urbana;VIA DEI QUINTILI;in corrispondenza;;del civico n.;136;;Veicolo in marcia contro veicolo in sosta;Rettilineo;Una carreggiata a doppio senso;Bagnato (umidità in atto);Asfaltata;Orizzontale;Nuvoloso;Normale;Buona;Ore Diurne;1;0;0;1;12,54627;41,8687;-1;3;Autovettura privata;In marcia / fermata / arresto;Conducente;M;Illeso;0;;Non accertato;Inesploso
3105274;4;19/12/2016 16:10;Statale;VIA SALARIA;in prossimità;;della chilometrica;16.3;;Veicolo in marcia contro ostacolo fisso;Rettilineo;Una carreggiata a doppio senso;Bagnato (pioggia);Asfaltata;Orizzontale;Pioggia in atto;Normale;Sufficiente;Ore Diurne;0;1;0;0;12,50623;41,96277;-1;1;Autovettura privata;In marcia / fermata / arresto;Conducente;M;Prognosi riservata;0;NON DECEDUTO;Non accertato;Inesploso
3105288;4;19/12/2016 23:30;Strada Urbana;VIA NOMENTANA;in corrispondenza;;del civico n.;1111;;Veicolo in marcia contro veicoli in sosta;Rettilineo;Una carreggiata a doppio senso;Bagnato (pioggia);Asfaltata;Assente;Pioggia in atto;Scarso;Buona;Inesistente;0;0;0;1;12,57471;41,95431;-1;1;Autotreno;In marcia / fermata / arresto;Conducente;M;Illeso;0;;Non accertato;Inesploso
3105293;4;19/12/2016 07:50;Statale;VIA SALARIA;in prossimità;;della chilometrica;19.3;;Tamponamento;Rettilineo;Una carreggiata a doppio senso;Asciutto;Asfaltata;Orizzontale;Sereno;Normale;Buona;Ore Diurne;0;0;0;2;12,50623;41,96277;-1;1;Autocarro inferiore 35 q.;In marcia / fermata / arresto;Conducente;M;Illeso;0;;Non accertato;
3105293;4;19/12/2016 07:50;Statale;VIA SALARIA;in prossimità;;della chilometrica;19.3;;Tamponamento;Rettilineo;Una carreggiata a doppio senso;Asciutto;Asfaltata;Orizzontale;Sereno;Normale;Buona;Ore Diurne;0;0;0;2;12,50623;41,96277;-1;2;Autovettura privata;In marcia / fermata / arresto;Conducente;M;Illeso;0;;Non accertato;
3105302;6;15/12/2016 07:15;Strada Urbana;VIA CASILINA;in corrispondenza;;del civico n.;323;;Veicolo in marcia contro ostacolo accidentale;Rettilineo;Una carreggiata a senso unico di marcia;Asciutto;Con buche;Verticale ed orizzontale;Sereno;Normale;Buona;Ore Diurne;0;0;0;1;12,53579;41,88245;-1;1;Motociclo a solo;In marcia / fermata / arresto;Conducente;M;Illeso;0;;;
3105306;16;19/12/2016 10:00;Strada Urbana;VIA DI MONTE VERDE;in corrispondenza;;del civico n.;15b;;Veicolo in marcia contro ostacolo accidentale;Rettilineo;Una carreggiata a senso unico di marcia;Asciutto;Asfaltata;Assente;Sereno;Normale;Buona;Ore Diurne;0;0;0;1;12,45111;41,87125;-1;1;Motociclo a solo;In marcia / fermata / arresto;Conducente;F;Illeso;0;;Non accertato;
3105311;17;20/12/2016 13:30;Strada Urbana;VIALE DELLE MEDAGLIE D'ORO;in prossimità;;del civico n.;40;;Infortunio per caduta del veicolo;Pendenza;Una carreggiata a doppio senso;Bagnato (pioggia);Asfaltata;Verticale ed orizzontale;Pioggia in atto;Normale;Buona;Ore Diurne;1;0;0;2;12,44662;41,91044;-1;1;Autovettura privata;In marcia / fermata / arresto;Conducente;F;Illeso;0;;Non accertato;
3105311;17;20/12/2016 13:30;Strada Urbana;VIALE DELLE MEDAGLIE D'ORO;in prossimità;;del civico n.;40;;Infortunio per caduta del veicolo;Pendenza;Una carreggiata a doppio senso;Bagnato (pioggia);Asfaltata;Verticale ed orizzontale;Pioggia in atto;Normale;Buona;Ore Diurne;1;0;0;2;12,44662;41,91044;-1;1;Autovettura privata;In marcia / fermata / arresto;Passeggero;F;Illeso;0;;Non accertato;
3105311;17;20/12/2016 13:30;Strada Urbana;VIALE DELLE MEDAGLIE D'ORO;in prossimità;;del civico n.;40;;Infortunio per caduta del veicolo;Pendenza;Una carreggiata a doppio senso;Bagnato (pioggia);Asfaltata;Verticale ed orizzontale;Pioggia in atto;Normale;Buona;Ore Diurne;1;0;0;2;12,44662;41,91044;-1;2;Motociclo con passeggero;In marcia / fermata / arresto;Conducente;M;Rimandato;0;NON DECEDUTO;;
3105321;16;19/12/2016 15:30;Strada Urbana;VIA DELLA PISANA;all'intersezione con;VIA DEI MATTEINI;VIA DEI MATTEINI;;;Scontro frontale/laterale SX fra veicoli in marcia;Intersezione stradale segnalata;Due carreggiate;Bagnato (pioggia);Asfaltata;Verticale ed orizzontale;Pioggia in atto;Normale;Buona;Ore Diurne;0;0;0;3;12,41391;41,87252;-1;1;Autovettura privata;In marcia / fermata / arresto;Conducente;F;Illeso;0;;Non accertato;
3105321;16;19/12/2016 15:30;Strada Urbana;VIA DELLA PISANA;all'intersezione con;VIA DEI MATTEINI;VIA DEI MATTEINI;;;Scontro frontale/laterale SX fra veicoli in marcia;Intersezione stradale segnalata;Due carreggiate;Bagnato (pioggia);Asfaltata;Verticale ed orizzontale;Pioggia in atto;Normale;Buona;Ore Diurne;0;0;0;3;12,41391;41,87252;-1;2;Autovettura privata;In marcia / fermata / arresto;Conducente;F;Illeso;0;;Non accertato;
3105321;16;19/12/2016 15:30;Strada Urbana;VIA DELLA PISANA;all'intersezione con;VIA DEI MATTEINI;VIA DEI MATTEINI;;;Scontro frontale/laterale SX fra veicoli in marcia;Intersezione stradale segnalata;Due carreggiate;Bagnato (pioggia);Asfaltata;Verticale ed orizzontale;Pioggia in atto;Normale;Buona;Ore Diurne;0;0;0;3;12,41391;41,87252;-1;2;Autovettura privata;In marcia / fermata / arresto;Passeggero;M;Illeso;0;;Non accertato;
3105322;18;20/12/2016 13:10;Strada Urbana;VIA AURELIA;da specificare;;;;"civ.470 (area parcheggio Municipio XIII ""AURELIO"")";Veicolo in marcia contro veicoli in sosta;Rettilineo;Una carreggiata a senso unico di marcia;Bagnato (pioggia);Asfaltata;Verticale ed orizzontale;Pioggia in atto;Scarso;Buona;Ore Diurne;0;0;0;1;12,41308;41,89088;-1;1;Autovettura privata;In marcia / fermata / arresto;Conducente;M;Illeso;0;;;
3105331;16;19/12/2016 16:30;Strada Urbana;VIALE ISACCO NEWTON;in prossimità;;del civico n.;126;;Scontro laterale fra veicoli in marcia;Rettilineo;Due carreggiate;Bagnato (pioggia);Asfaltata;Verticale ed orizzontale;Nuvoloso;Normale;Buona;Sufficiente;0;0;0;4;12,44008;41,85616;-1;1;Autocarro inferiore 35 q.;In marcia / fermata / arresto;Conducente;M;Illeso;0;;Non accertato;Inesploso
3105331;16;19/12/2016 16:30;Strada Urbana;VIALE ISACCO NEWTON;in prossimità;;del civico n.;126;;Scontro laterale fra veicoli in marcia;Rettilineo;Due carreggiate;Bagnato (pioggia);Asfaltata;Verticale ed orizzontale;Nuvoloso;Normale;Buona;Sufficiente;0;0;0;4;12,44008;41,85616;-1;2;Autovettura privata;In marcia / fermata / arresto;Conducente;F;Illeso;0;;Non accertato;Inesploso
3105331;16;19/12/2016 16:30;Strada Urbana;VIALE ISACCO NEWTON;in prossimità;;del civico n.;126;;Scontro laterale fra veicoli in marcia;Rettilineo;Due carreggiate;Bagnato (pioggia);Asfaltata;Verticale ed orizzontale;Nuvoloso;Normale;Buona;Sufficiente;0;0;0;4;12,44008;41,85616;-1;2;Autovettura privata;In marcia / fermata / arresto;Passeggero;F;Illeso;0;;Non accertato;Inesploso
3105331;16;19/12/2016 16:30;Strada Urbana;VIALE ISACCO NEWTON;in prossimità;;del civico n.;126;;Scontro laterale fra veicoli in marcia;Rettilineo;Due carreggiate;Bagnato (pioggia);Asfaltata;Verticale ed orizzontale;Nuvoloso;Normale;Buona;Sufficiente;0;0;0;4;12,44008;41,85616;-1;2;Autovettura privata;In marcia / fermata / arresto;Passeggero;F;Illeso;0;;Non accertato;Inesploso
3105352;16;19/12/2016 17:30;Strada Urbana;VIA DI VILLA TROILI;all'intersezione con;VIA DEGLI ALDOBRANDESCHI;VIA DEGLI ALDOBRANDESCHI;;;Scontro laterale fra veicoli in marcia;Intersezione stradale segnalata;Due carreggiate;Bagnato (pioggia);Asfaltata;Verticale;Pioggia in atto;Normale;Buona;Ore Diurne;0;0;0;2;12,39919;41,87942;-1;1;Autovettura privata;In marcia / fermata / arresto;Conducente;M;Illeso;0;;;
3105352;16;19/12/2016 17:30;Strada Urbana;VIA DI VILLA TROILI;all'intersezione con;VIA DEGLI ALDOBRANDESCHI;VIA DEGLI ALDOBRANDESCHI;;;Scontro laterale fra veicoli in marcia;Intersezione stradale segnalata;Due carreggiate;Bagnato (pioggia);Asfaltata;Verticale;Pioggia in atto;Normale;Buona;Ore Diurne;0;0;0;2;12,39919;41,87942;-1;2;Autovettura privata;In marcia / fermata / arresto;Conducente;M;Illeso;0;;;
3105363;4;19/12/2016 19:00;Strada Urbana;VIA MONTE MASSICO;da specificare;;;;prossimità VIA MONTE SAN VICINO;Veicolo in marcia contro ostacolo accidentale;Rettilineo;Una carreggiata a doppio senso;Bagnato (pioggia);Asfaltata;Verticale ed orizzontale;Pioggia in atto;Normale;Sufficiente;Sufficiente;0;0;0;2;12,53196;41,9513;-1;1;Autovettura privata;In marcia / fermata / arresto;Conducente;M;Illeso;0;;Non accertato;Inesploso
3105363;4;19/12/2016 19:00;Strada Urbana;VIA MONTE MASSICO;da specificare;;;;prossimità VIA MONTE SAN VICINO;Veicolo in marcia contro ostacolo accidentale;Rettilineo;Una carreggiata a doppio senso;Bagnato (pioggia);Asfaltata;Verticale ed orizzontale;Pioggia in atto;Normale;Sufficiente;Sufficiente;0;0;0;2;12,53196;41,9513;-1;1;Autovettura privata;In marcia / fermata / arresto;Passeggero;F;Illeso;0;;Non accertato;Inesploso
3105370;1;19/12/2016 18:10;Strada Urbana;VIA VENTI SETTEMBRE;all'intersezione semaforizzata con;VIA DELLE QUATTRO FONTANE;VIA DELLE QUATTRO FONTANE;;;Scontro frontale fra veicoli in marcia;Intersezione semaforizzata;Una carreggiata a doppio senso;Asciutto;Asfaltata;Verticale ed orizzontale;Sereno;Normale;Buona;Sufficiente;1;0;0;1;12,49083;41,9021;-1;1;Motociclo a solo;In marcia / fermata / arresto;Conducente;M;Rimandato;0;NON DECEDUTO;Non accertato;
3105370;1;19/12/2016 18:10;Strada Urbana;VIA VENTI SETTEMBRE;all'intersezione semaforizzata con;VIA DELLE QUATTRO FONTANE;VIA DELLE QUATTRO FONTANE;;;Scontro frontale fra veicoli in marcia;Intersezione semaforizzata;Una carreggiata a doppio senso;Asciutto;Asfaltata;Verticale ed orizzontale;Sereno;Normale;Buona;Sufficiente;1;0;0;1;12,49083;41,9021;-1;2;Autovettura privata;Allontanatosi;Conducente;M;Illeso;0;;Non accertato;
3105380;4;19/12/2016 18:35;Strada Urbana;VIA MONTE URANO;in prossimità;;del civico n.;104;;Tamponamento Multiplo;Rettilineo;Una carreggiata a senso unico di marcia;Bagnato (pioggia);Asfaltata;Verticale ed orizzontale;Pioggia in atto;Normale;Buona;Sufficiente;1;0;0;3;12,51343;41,98105;-1;1;Motociclo a solo;In marcia / fermata / arresto;Conducente;F;Rimandato;0;NON DECEDUTO;;
3105380;4;19/12/2016 18:35;Strada Urbana;VIA MONTE URANO;in prossimità;;del civico n.;104;;Tamponamento Multiplo;Rettilineo;Una carreggiata a senso unico di marcia;Bagnato (pioggia);Asfaltata;Verticale ed orizzontale;Pioggia in atto;Normale;Buona;Sufficiente;1;0;0;3;12,51343;41,98105;-1;2;Autovettura privata;In marcia / fermata / arresto;Conducente;M;Illeso;0;;;
3105380;4;19/12/2016 18:35;Strada Urbana;VIA MONTE URANO;in prossimità;;del civico n.;104;;Tamponamento Multiplo;Rettilineo;Una carreggiata a senso unico di marcia;Bagnato (pioggia);Asfaltata;Verticale ed orizzontale;Pioggia in atto;Normale;Buona;Sufficiente;1;0;0;3;12,51343;41,98105;-1;3;Autovettura privata;In marcia / fermata / arresto;Conducente;F;Illeso;0;;;